sample_id,Contig_ID,Serotype,Is_capsule
ERS1193984,NA,18F,1
ERS1193985,NA,NA,1
ERS1193986,NA,18F,1
ERS1193987,NA,33C,1
ERS1193988,NA,48,1
ERS1193989,NA,48,1
ERS1193990,NA,48,1
ERS1193991,NA,48,1
ERS1193992,NA,36,1
ERS1193993,NA,NTR,1
ERS1193994,NA,18F,1
ERS1193995,NA,09A,1
ERS1193996,NA,09A,1
ERS1193997,NA,Serogroup 9,1
ERS1193998,NA,24F,1
ERS1193999,NA,12B,1
ERS1194000,NA,24F,1
ERS1194001,NA,16F,1
ERS1194002,NA,38,1
ERS1194003,NA,31,1
ERS1194004,NA,48,1
ERS1194005,NA,18B,1
ERS1194006,NA,18F,1
ERS1194007,NA,35B,1
ERS1194008,NA,07A,1
ERS1194009,NA,28A,1
ERS1194010,NA,09A,1
ERS1194011,NA,28A,1
ERS1194012,NA,18C,1
ERS1194013,NA,19A,1
ERS1194014,NA,19A,1
ERS1194015,NA,19A,1
ERS1194016,NA,19A,1
ERS1194017,NA,19A,1
ERS1194018,NA,19A,1
ERS1194019,NA,19A,1
ERS1194020,NA,19A,1
ERS1194021,NA,19A,1
ERS1194022,NA,19A,1
ERS1194023,NA,19A,1
ERS1194024,NA,19A,1
ERS1194025,NA,19A,1
ERS1194026,NA,19A,1
ERS1194027,NA,19A,1
ERS1194028,NA,19A,1
ERS1194029,NA,12F,1
ERS1194030,NA,22F,1
ERS1194031,NA,06C,1
ERS1194032,NA,07F,1
ERS1194033,NA,19A,1
ERS1194034,NA,09N,1
ERS1194035,NA,19A,1
ERS1194036,NA,3,1
ERS1194037,NA,06C,1
ERS1194038,NA,06C,1
ERS1194039,NA,19A,1
ERS1194040,NA,8,1
ERS1194041,NA,19A,1
ERS1194042,NA,11A,1
ERS1194043,NA,19A,1
ERS1194044,NA,09N,1
ERS1194045,NA,19A,1
ERS1194046,NA,35F,1
ERS1194047,NA,21,1
ERS1194048,NA,19A,1
ERS1194049,NA,22F,1
ERS1194050,NA,09V,1
ERS1194051,NA,19A,1
ERS1194052,NA,09N,1
ERS1194053,NA,06D,1
ERS1194054,NA,27,1
ERS1194055,NA,06A,1
ERS1194056,NA,19A,1
ERS1194057,NA,19A,1
ERS1194058,NA,19A,1
ERS1194059,NA,39,1
ERS1194060,NA,06C,1
ERS1194061,NA,06A,1
ERS1194062,NA,07F,1
ERS1194063,NA,3,1
ERS1194064,NA,15C,1
ERS1194065,NA,09N,1
ERS1194066,NA,1,1
ERS1194067,NA,33F,1
ERS1194068,NA,22F,1
ERS1194069,NA,09N,1
ERS1194070,NA,15C,1
ERS1194071,NA,22F,1
ERS1194072,NA,20,1
ERS1194073,NA,19A,1
ERS1194074,NA,22F,1
ERS1194075,NA,07F,1
ERS1194076,NA,19A,1
ERS1194077,NA,19A,1
ERS1194078,NA,19A,1
ERS1194079,NA,19A,1
ERS1194080,NA,07F,1
ERS1194081,NA,1,1
ERS1194082,NA,19A,1
ERS1194083,NA,12F,1
ERS1194084,NA,09N,1
ERS1194085,NA,3,1
ERS1194086,NA,19A,1
ERS1194087,NA,33F,1
ERS1194088,NA,33F,1
ERS1194089,NA,4,1
ERS1194090,NA,15A,1
ERS1194091,NA,07F,1
ERS1194092,NA,22F,1
ERS1194093,NA,1,1
ERS1194094,NA,1,1
ERS1194095,NA,17F,1
ERS1194096,NA,19A,1
ERS1194097,NA,09N,1
ERS1194098,NA,19A,1
ERS1194099,NA,22F,1
ERS1194100,NA,06C,1
ERS1194101,NA,1,1
ERS1194102,NA,33F,1
ERS1194103,NA,11A,1
ERS1194104,NA,8,1
ERS1194105,NA,11A,1
ERS1194106,NA,3,1
ERS1194107,NA,4,1
ERS1194108,NA,19A,1
ERS1194109,NA,21,1
ERS1194110,NA,12F,1
ERS1194111,NA,15A,1
ERS1194112,NA,33F,1
ERS1194113,NA,11A,1
ERS1194114,NA,19A,1
ERS1194115,NA,19F,1
ERS1194116,NA,15C,1
ERS1194117,NA,19A,1
ERS1194118,NA,07F,1
ERS1194119,NA,19A,1
ERS1194120,NA,07F,1
ERS1194121,NA,19A,1
ERS1194122,NA,07F,1
ERS1194123,NA,33F,1
ERS1194124,NA,3,1
ERS1194125,NA,33F,1
ERS1194126,NA,19A,1
ERS1194127,NA,07F,1
ERS1194128,NA,06C,1
ERS1194129,NA,11A,1
ERS1194130,NA,19A,1
ERS1194131,NA,07F,1
ERS1194132,NA,07F,1
ERS1194133,NA,33F,1
ERS1194134,NA,06C,1
ERS1194135,NA,09N,1
ERS1194136,NA,19A,1
ERS1194137,NA,07F,1
ERS1194138,NA,19A,1
ERS1194139,NA,19A,1
ERS1194140,NA,19A,1
ERS1194141,NA,19A,1
ERS1194142,NA,19A,1
ERS1194143,NA,19A,1
ERS1194144,NA,19A,1
ERS1194145,NA,19A,1
ERS1194146,NA,19A,1
ERS1194147,NA,19A,1
ERS1194148,NA,19A,1
ERS1194149,NA,19A,1
ERS1194150,NA,19A,1
ERS1194151,NA,19A,1
ERS1194152,NA,19A,1
ERS1194153,NA,19A,1
ERS1194154,NA,19A,1
ERS1194155,NA,19A,1
ERS1194156,NA,19A,1
ERS1194157,NA,09A,1
ERS1194158,NA,19A,1
ERS1194159,NA,19A,1
ERS1194160,NA,19A,1
ERS1194161,NA,19A,1
ERS1194162,NA,19A,1
ERS1194163,NA,19A,1
ERS1194164,NA,2,1
ERS1194165,NA,19A,1
ERS1194166,NA,19A,1
ERS1194167,NA,19A,1
ERS1194168,NA,19A,1
ERS1194169,NA,18B,1
ERS1194170,NA,19A,1
ERS1194171,NA,36,1
ERS1194172,NA,2,1
ERS1194173,NA,19A,1
ERS1194174,NA,19A,1
ERS1194175,NA,19A,1
ERS1194176,NA,22F,1
ERS1194177,NA,29,1
ERS1194178,NA,35A/42?,1
ERS1194179,NA,35B,1
ERS1194180,NA,2,1
ERS1194181,NA,41A,1
ERS1194182,NA,34,1
ERS1194183,NA,28A,1
ERS1194184,NA,29,1
ERS1194185,NA,28A,1
ERS1194186,NA,36,1
ERS1194187,NA,29,1
ERS1194188,NA,36,1
ERS1194189,NA,15C,1
ERS1194190,NA,29,1
ERS1194191,NA,23B,1
ERS1194192,NA,29,1
ERS1194193,NA,35B,1
ERS1194194,NA,19F,1
ERS1194195,NA,15A,1
ERS1194196,NA,15A,1
ERS1194197,NA,15A,1
ERS1194198,NA,NTR,1
ERS1194199,NA,15A,1
ERS1194200,NA,19A,1
ERS1194201,NA,19A,1
ERS1194202,NA,19F,1
ERS1194203,NA,NTR,1
ERS1194204,NA,15A,1
ERS1194205,NA,19A,1
ERS1194206,NA,19A,1
ERS1194207,NA,14,1
ERS1194208,NA,NTR,1
ERS1194209,NA,19A,1
ERS1194210,NA,19F,1
ERS1194211,NA,19F,1
ERS1194212,NA,35B,1
ERS1194213,NA,NTR,1
ERS1194214,NA,NTR,1
ERS1194215,NA,23A,1
ERS1194216,NA,19F,1
ERS1194217,NA,35B,1
ERS1194218,NA,15A,1
ERS1194219,NA,19F,1
ERS1194220,NA,NTR,1
ERS1194221,NA,35B,1
ERS1194222,NA,35B,1
ERS1194223,NA,19A,1
ERS1194224,NA,35B,1
ERS1194225,NA,35B,1
ERS1194226,NA,19A,1
ERS1194227,NA,19A,1
ERS1194228,NA,21,1
ERS1194229,NA,19F,1
ERS1194230,NA,17F,1
ERS1194231,NA,18B,1
ERS1194232,NA,NTR,1
ERS1194233,NA,11A,1
ERS1194234,NA,15A,1
ERS1194235,NA,07B,1
ERS1194236,NA,19A,1
ERS1194237,NA,15A,1
ERS1194238,NA,15A,1
ERS1194239,NA,19A,1
ERS1194240,NA,15A,1
ERS1194241,NA,15A,1
ERS1194242,NA,19A,1
ERS1194243,NA,19A,1
ERS1194244,NA,19F,1
ERS1194245,NA,15A,1
ERS1194246,NA,15A,1
ERS1194247,NA,15A,1
ERS1194248,NA,15A,1
ERS1194249,NA,15A,1
ERS1194250,NA,15A,1
ERS1194251,NA,15A,1
ERS1194252,NA,NTR,1
ERS1194253,NA,15A,1
ERS1194254,NA,23F,1
ERS1194255,NA,15A,1
ERS1194256,NA,15A,1
ERS1194257,NA,19A,1
ERS1194258,NA,19A,1
ERS1194259,NA,19A,1
ERS1194260,NA,10A,1
ERS1194261,NA,35B,1
ERS1194262,NA,15A,1
ERS1194263,NA,15A,1
ERS1194264,NA,15A,1
ERS1194265,NA,19A,1
ERS1194266,NA,19A,1
ERS1194267,NA,15A,1
ERS1194268,NA,22A,1
ERS1194269,NA,19A,1
ERS1194270,NA,15A,1
ERS1194271,NA,19A,1
ERS1194272,NA,15A,1
ERS1194273,NA,19A,1
ERS1194274,NA,19A,1
ERS1194275,NA,15A,1
ERS1194276,NA,15A,1
ERS1194277,NA,15A,1
ERS1194278,NA,34,1
ERS1194279,NA,15A,1
ERS1194280,NA,06B,1
ERS1194281,NA,19A,1
ERS1194282,NA,19A,1
ERS1194283,NA,14,1
ERS1194284,NA,15A,1
ERS1194285,NA,07A,1
ERS1194286,NA,15A,1
ERS1194287,NA,15A,1
ERS1194288,NA,35B,1
ERS1194289,NA,11B,1
ERS1194290,NA,15A,1
ERS1194291,NA,19A,1
ERS1194292,NA,19A,1
ERS1194293,NA,06B,1
ERS1194294,NA,15A,1
ERS1194295,NA,15A,1
ERS1194296,NA,15A,1
ERS1194297,NA,15A,1
ERS1194298,NA,15A,1
ERS1194299,NA,18C,1
ERS1194300,NA,34,1
ERS1194301,NA,19A,1
ERS1194302,NA,15A,1
ERS1194303,NA,18C,1
ERS1194304,NA,15B/C,1
ERS1194305,NA,15A,1
ERS1194306,NA,15A,1
ERS1194307,NA,19A,1
ERS1194308,NA,19A,1
ERS1194309,NA,15A,1
ERS1194310,NA,15A,1
ERS1194311,NA,NTR,1
ERS1194312,NA,19A,1
ERS1194313,NA,15A,1
ERS1194314,NA,09V,1
ERS1194315,NA,19A,1
ERS1194316,NA,15A,1
ERS1194317,NA,09V,1
ERS1194318,NA,19A,1
ERS1194319,NA,19A,1
ERS1194320,NA,15A,1
ERS1194321,NA,19A,1
ERS1194322,NA,15A,1
ERS1194323,NA,15A,1
ERS1194324,NA,15A,1
ERS1194325,NA,15A,1
ERS1194326,NA,19A,1
ERS1194327,NA,19A,1
ERS1194328,NA,15A,1
ERS1194329,NA,15A,1
ERS1194330,NA,24A,1
ERS1194331,NA,35B,1
ERS1194332,NA,15A,1
ERS1194333,NA,19A,1
ERS1194334,NA,15A,1
ERS1194335,NA,15A,1
ERS1194336,NA,19A,1
ERS1194337,NA,19A,1
ERS1194338,NA,19A,1
ERS1194339,NA,15A,1
ERS1194340,NA,15A,1
ERS1194341,NA,18C,1
ERS1194342,NA,19A,1
ERS1194343,NA,15A,1
ERS1194344,NA,15A,1
ERS1194345,NA,15A,1
ERS1194346,NA,19A,1
ERS1194347,NA,15B,1
ERS1194348,NA,15A,1
ERS1194349,NA,19A,1
ERS1194350,NA,14,1
ERS1194351,NA,19A,1
ERS1194352,NA,09V,1
ERS1194353,NA,39,1
ERS1194354,NA,19A,1
ERS1194355,NA,15A,1
ERS1194356,NA,19A,1
ERS1194357,NA,19A,1
ERS1194358,NA,19A,1
ERS1194359,NA,19A,1
ERS1194360,NA,15A,1
ERS1194361,NA,18A,1
ERS1194362,NA,24A,1
ERS1194363,NA,15A,1
ERS1194364,NA,14,1
ERS1194365,NA,15A,1
ERS1194366,NA,06A,1
ERS1194367,NA,15C,1
ERS1194368,NA,15A,1
ERS1194369,NA,19A,1
ERS1194370,NA,15C,1
ERS1194371,NA,19A,1
ERS1194372,NA,18C,1
ERS1194373,NA,06B,1
ERS1194374,NA,19F,1
ERS1194375,NA,19F,1
ERS1194376,NA,15A,1
ERS1194377,NA,11A,1
ERS1194378,NA,15A,1
ERS1194379,NA,06A,1
ERS1194380,NA,19A,1
ERS1194381,NA,10A,1
ERS1194382,NA,15A,1
ERS1194383,NA,15A,1
ERS1194384,NA,19A,1
ERS1194385,NA,19A,1
ERS1194386,NA,15A,1
ERS1194387,NA,19A,1
ERS1194388,NA,19A,1
ERS1194389,NA,06C,1
ERS1194390,NA,35F,1
ERS1194391,NA,19A,1
ERS1194392,NA,15A,1
ERS1194393,NA,4,1
ERS1194394,NA,19A,1
ERS1194395,NA,13,1
ERS1194396,NA,15A,1
ERS1194397,NA,19A,1
ERS1194398,NA,13,1
ERS1194399,NA,19A,1
ERS1194400,NA,15A,1
ERS1194401,NA,15A,1
ERS1194402,NA,19A,1
ERS1194403,NA,18C,1
ERS1194404,NA,15A,1
ERS1194405,NA,18C,1
ERS1194406,NA,06A,1
ERS1194407,NA,15A,1
ERS1194408,NA,15A,1
ERS1194409,NA,19A,1
ERS1194410,NA,27,1
ERS1194411,NA,15A,1
ERS1194412,NA,15A,1
ERS1194413,NA,15A,1
ERS1194414,NA,4,1
ERS1194415,NA,19A,1
ERS1194416,NA,15A,1
ERS1194417,NA,19A,1
ERS1194418,NA,15A,1
ERS1194419,NA,14,1
ERS1194420,NA,15B/C,1
ERS1194421,NA,34,1
ERS1194422,NA,15B,1
ERS1194423,NA,15A,1
ERS1194424,NA,15B,1
ERS1194425,NA,15A,1
ERS1194426,NA,15A,1
ERS1194427,NA,19A,1
ERS1194428,NA,19F,1
ERS1194429,NA,4,1
ERS1194430,NA,15F,1
ERS1194431,NA,15A,1
ERS1194432,NA,19A,1
ERS1194433,NA,15A,1
ERS1194434,NA,18C,1
ERS1194435,NA,19F,1
ERS1194436,NA,19F,1
ERS1194437,NA,06C,1
ERS1194438,NA,19A,1
ERS1194439,NA,18C,1
ERS1194440,NA,23F,1
ERS1194441,NA,15A,1
ERS1194442,NA,15C,1
ERS1194443,NA,19A,1
ERS1194444,NA,15B,1
ERS1194445,NA,19A,1
ERS1194446,NA,23F,1
ERS1194447,NA,4,1
ERS1194448,NA,19A,1
ERS1194449,NA,15A,1
ERS1194450,NA,15A,1
ERS1194451,NA,15A,1
ERS1194452,NA,15C,1
ERS1194453,NA,15A,1
ERS1194454,NA,23F,1
ERS1194455,NA,24B,1
ERS1194456,NA,24B,1
ERS1194457,NA,15A,1
ERS1194458,NA,09V,1
ERS1194459,NA,19F,1
ERS1194460,NA,15A,1
ERS1194461,NA,15B,1
ERS1194462,NA,15A,1
ERS1194463,NA,15B,1
ERS1194464,NA,15A,1
ERS1194465,NA,15A,1
ERS1194466,NA,15B,1
ERS1194467,NA,35B,1
ERS1194468,NA,10A,1
ERS1194469,NA,15A,1
ERS1194470,NA,15C,1
ERS1194471,NA,35B,1
ERS1194472,NA,15B,1
ERS1194473,NA,28A,1
ERS1194474,NA,15A,1
ERS1194475,NA,8,1
ERS1194476,NA,15B,1
ERS1194477,NA,15A,1
ERS1194478,NA,06A,1
ERS1194479,NA,15A,1
ERS1194480,NA,07C,1
ERS1194481,NA,15A,1
ERS1194482,NA,15B,1
ERS1194483,NA,4,1
ERS1194484,NA,19A,1
ERS1194485,NA,07C,1
ERS1194486,NA,15A,1
ERS1194487,NA,4,1
ERS1194488,NA,15B,1
ERS1194489,NA,15A,1
ERS1194490,NA,15B,1
ERS1194491,NA,18C,1
ERS1194492,NA,19F,1
ERS1194493,NA,14,1
ERS1194494,NA,15A,1
ERS1194495,NA,35B,1
ERS1194496,NA,15A,1
ERS1194497,NA,15A,1
ERS1194498,NA,15A,1
ERS1194499,NA,15A,1
ERS1194500,NA,35A,1
ERS1194501,NA,15B,1
ERS1194502,NA,15A,1
ERS1194503,NA,19F,1
ERS1194504,NA,15A,1
ERS1194505,NA,15A,1
ERS1194506,NA,19F,1
ERS1194507,NA,35A,1
ERS1194508,NA,35A,1
ERS1194509,NA,15B,1
ERS1194510,NA,15B,1
ERS1194511,NA,15A,1
ERS1194512,NA,15A,1
ERS1194513,NA,15A,1
ERS1194514,NA,11A,1
ERS1194515,NA,15A,1
ERS1194516,NA,19A,1
ERS1194517,NA,15A,1
ERS1194518,NA,15A,1
ERS1194519,NA,15B/C,1
ERS1194520,NA,15A,1
ERS1194521,NA,23F,1
ERS1194522,NA,07C,1
ERS1194523,NA,NTR,1
ERS1194524,NA,38,1
ERS1194525,NA,15A,1
ERS1194526,NA,15A,1
ERS1194527,NA,12F,1
ERS1194528,NA,15A,1
ERS1194529,NA,15B,1
ERS1194530,NA,15B,1
ERS1194531,NA,15A,1
ERS1194532,NA,15B,1
ERS1194533,NA,19A,1
ERS1194534,NA,27,1
ERS1194535,NA,15B,1
ERS1194536,NA,06B,1
ERS1194537,NA,06B,1
ERS1194538,NA,23F,1
ERS1194539,NA,35A,1
ERS1194540,NA,11C,1
ERS1194541,NA,15A,1
ERS1194542,NA,19A,1
ERS1194543,NA,3,1
ERS1194544,NA,15F,1
ERS1194545,NA,33A,1
ERS1194546,NA,15A,1
ERS1194547,NA,15B,1
ERS1194548,NA,23F,1
ERS1194549,NA,35B,1
ERS1194550,NA,19A,1
ERS1194551,NA,23F,1
ERS1194552,NA,15A,1
ERS1194553,NA,4,1
ERS1194554,NA,09V,1
ERS1194555,NA,34,1
ERS1194556,NA,06B,1
ERS1194557,NA,15B,1
ERS1194558,NA,15A,1
ERS1194559,NA,34,1
ERS1194560,NA,06A,1
ERS1194561,NA,15A,1
ERS1194562,NA,15B,1
ERS1194563,NA,15B,1
ERS1194564,NA,19F,1
ERS1194565,NA,15B,1
ERS1194566,NA,12F,1
ERS1194567,NA,15B,1
ERS1194568,NA,06B,1
ERS1194569,NA,31,1
ERS1194570,NA,5,1
ERS1194571,NA,24F,1
ERS1194572,NA,15A,1
ERS1194573,NA,35A,1
ERS1194574,NA,15B,1
ERS1194575,NA,15A,1
ERS1194576,NA,27,1
ERS1194577,NA,15A,1
ERS1194578,NA,13,1
ERS1194579,NA,06B,1
ERS1194580,NA,15B,1
ERS1194581,NA,15A,1
ERS1194582,NA,06B,1
ERS1194583,NA,09N,1
ERS1194584,NA,4,1
ERS1194585,NA,15B,1
ERS1194586,NA,19F,1
ERS1194587,NA,35A,1
ERS1194588,NA,15B,1
ERS1194589,NA,27,1
ERS1194590,NA,11A,1
ERS1194591,NA,15A,1
ERS1194592,NA,15A,1
ERS1194593,NA,15A,1
ERS1194594,NA,19A,1
ERS1194595,NA,35A,1
ERS1194596,NA,15A,1
ERS1194597,NA,15B,1
ERS1194598,NA,06B,1
ERS1194599,NA,8,1
ERS1194600,NA,15B,1
ERS1194601,NA,15B,1
ERS1194602,NA,15B,1
ERS1194603,NA,11A,1
ERS1194604,NA,19A,1
ERS1194605,NA,15A,1
ERS1194606,NA,35A,1
ERS1194607,NA,19A,1
ERS1194608,NA,15A,1
ERS1194609,NA,13,1
ERS1194610,NA,15B,1
ERS1194611,NA,15B,1
ERS1194612,NA,19F,1
ERS1194613,NA,15A,1
ERS1194614,NA,15A,1
ERS1194615,NA,4,1
ERS1194616,NA,15A,1
ERS1194617,NA,09N,1
ERS1194618,NA,19A,1
ERS1194619,NA,27,1
ERS1194620,NA,16F,1
ERS1194621,NA,27,1
ERS1194622,NA,18C,1
ERS1194623,NA,09V,1
ERS1194624,NA,15A,1
ERS1194625,NA,19A,1
ERS1194626,NA,34,1
ERS1194627,NA,19F,1
ERS1194628,NA,23A,1
ERS1194629,NA,15B,1
ERS1194630,NA,09V,1
ERS1194631,NA,15B,1
ERS1194632,NA,15B,1
ERS1194633,NA,15A,1
ERS1194634,NA,14,1
ERS1194635,NA,15A,1
ERS1194636,NA,35A,1
ERS1194637,NA,10F,1
ERS1194638,NA,15B,1
ERS1194639,NA,4,1
ERS1194640,NA,15A,1
ERS1194641,NA,06B,1
ERS1194642,NA,19F,1
ERS1194643,NA,09V,1
ERS1194644,NA,11A,1
ERS1194645,NA,35A,1
ERS1194646,NA,09V,1
ERS1194647,NA,06A,1
ERS1194648,NA,4,1
ERS1194649,NA,12B,1
ERS1194650,NA,23F,1
ERS1194651,NA,35A,1
ERS1194652,NA,23F,1
ERS1194653,NA,06B,1
ERS1194654,NA,18A,1
ERS1194656,NA,23F,1
ERS1194657,NA,23F,1
ERS1194658,NA,34,1
ERS1194659,NA,15A,1
ERS1194660,NA,23F,1
ERS1194661,NA,15A,1
ERS1194662,NA,15A,1
ERS1194663,NA,12B,1
ERS1194664,NA,14,1
ERS1194665,NA,24F,1
ERS1194666,NA,22F,1
ERS1194667,NA,8,1
ERS1194668,NA,12F,1
ERS1194669,NA,12F,1
ERS1194670,NA,22F,1
ERS1194671,NA,22F,1
ERS1194672,NA,07F,1
ERS1194673,NA,37,1
ERS1194674,NA,8,1
ERS1194675,NA,22F,1
ERS1194676,NA,19A,1
ERS1194677,NA,19A,1
ERS1194678,NA,8,1
ERS1194679,NA,3,1
ERS1194680,NA,07F,1
ERS1194681,NA,15A,1
ERS1194682,NA,20,1
ERS1194683,NA,24F,1
ERS1194684,NA,09N,1
ERS1194685,NA,22F,1
ERS1194686,NA,22F,1
ERS1194687,NA,06C,1
ERS1194688,NA,8,1
ERS1194689,NA,8,1
ERS1194690,NA,10A,1
ERS1194691,NA,22F,1
ERS1194692,NA,35F,1
ERS1194693,NA,22F,1
ERS1194694,NA,35F,1
ERS1194695,NA,3,1
ERS1194696,NA,19A,1
ERS1194697,NA,24F,1
ERS1194698,NA,24F,1
ERS1194699,NA,09N,1
ERS1194700,NA,24F,1
ERS1194701,NA,12F,1
ERS1194702,NA,06C,1
ERS1194703,NA,19F,1
ERS1194704,NA,3,1
ERS1194705,NA,1,1
ERS1194706,NA,12F,1
ERS1194707,NA,24F,1
ERS1194708,NA,8,1
ERS1194709,NA,19F,1
ERS1194710,NA,8,1
ERS1194711,NA,19A,1
ERS1194712,NA,19F,1
ERS1194713,NA,15A,1
ERS1194714,NA,1,1
ERS1194715,NA,22F,1
ERS1194716,NA,15A,1
ERS1194717,NA,19F,1
ERS1194718,NA,11A,1
ERS1194719,NA,19A,1
ERS1194720,NA,35F,1
ERS1194721,NA,22F,1
ERS1194722,NA,3,1
ERS1194723,NA,10A,1
ERS1194724,NA,22F,1
ERS1194725,NA,06C,1
ERS1194726,NA,16F,1
ERS1194727,NA,8,1
ERS1194728,NA,15A,1
ERS1194729,NA,5,1
ERS1194730,NA,09N,1
ERS1194731,NA,11A,1
ERS1194732,NA,14,1
ERS1194733,NA,35F,1
ERS1194734,NA,4,1
ERS1194735,NA,35A,1
ERS1194736,NA,8,1
ERS1194737,NA,13,1
ERS1194738,NA,19A,1
ERS1194739,NA,22F,1
ERS1194740,NA,24F,1
ERS1194741,NA,09N,1
ERS1194742,NA,06B,1
ERS1194743,NA,12B,1
ERS1194744,NA,15A,1
ERS1194745,NA,15A,1
ERS1194746,NA,14,1
ERS1194747,NA,09V,1
ERS1194748,NA,06B,1
ERS1194749,NA,10F,1
ERS1194750,NA,15A,1
ERS1194751,NA,15A,1
ERS1194752,NA,14,1
ERS1194753,NA,15A,1
ERS1194754,NA,5,1
ERS1194755,NA,35A,1
ERS1194756,NA,NTR,1
ERS1194757,NA,14,1
ERS1194758,NA,14,1
ERS1194759,NA,37,1
ERS1194760,NA,4,1
ERS1194761,NA,12B,1
ERS1194762,NA,12B,1
ERS1194763,NA,12B,1
ERS1194764,NA,12B,1
ERS1194765,NA,12B,1
ERS1194766,NA,15A,1
ERS1194767,NA,14,1
ERS1194768,NA,23F,1
ERS1194769,NA,09A,1
ERS1194770,NA,11B,1
ERS1194771,NA,37,1
ERS1194772,NA,31,1
ERS1194773,NA,35B,1
ERS1194774,NA,15B,1
ERS1194775,NA,10B,1
ERS1194776,NA,12B,1
ERS1194777,NA,09V,1
ERS1194778,NA,12B,1
ERS1194779,NA,12B,1
ERS1194780,NA,14,1
ERS1194781,NA,12B,1
ERS1194782,NA,4,1
ERS1194783,NA,06A,1
ERS1194784,NA,12B,1
ERS1194785,NA,24B,1
ERS1194786,NA,35A,1
ERS1194787,NA,33A,1
ERS1194788,NA,10B,1
ERS1194789,NA,19A,1
ERS1194790,NA,06B,1
ERS1194791,NA,27,1
ERS1194792,NA,37,1
ERS1194793,NA,19A,1
ERS1194794,NA,10B,1
ERS1194795,NA,37,1
ERS1194796,NA,06B,1
ERS1194797,NA,06A,1
ERS1194798,NA,37,1
ERS1194799,NA,14,1
ERS1194800,NA,06B,1
ERS1194801,NA,37,1
ERS1194802,NA,12A,1
ERS1194803,NA,27,1
ERS1194804,NA,18C,1
ERS1194805,NA,23F,1
ERS1194806,NA,34,1
ERS1194807,NA,14,1
ERS1194808,NA,NTR,1
ERS1194809,NA,25F,1
ERS1194810,NA,19A,1
ERS1194811,NA,06B,1
ERS1194812,NA,23F,1
ERS1194813,NA,27,1
ERS1194814,NA,06A,1
ERS1194815,NA,18A,1
ERS1194816,NA,14,1
ERS1194817,NA,15A,1
ERS1194818,NA,23F,1
ERS1194819,NA,35A,1
ERS1194820,NA,06A,1
ERS1194821,NA,11C,1
ERS1194822,NA,33A,1
ERS1194823,NA,5,1
ERS1194824,NA,09V,1
ERS1194825,NA,35A,1
ERS1194826,NA,19A,1
ERS1194827,NA,23F,1
ERS1194828,NA,10F,1
ERS1194829,NA,23F,1
ERS1194830,NA,19A,1
ERS1194831,NA,33B,1
ERS1194832,NA,24B,1
ERS1194833,NA,18C,1
ERS1194834,NA,35A,1
ERS1194835,NA,06B,1
ERS1194836,NA,06B,1
ERS1194837,NA,19A,1
ERS1194838,NA,19A,1
ERS1194839,NA,19A,1
ERS1194840,NA,22F,1
ERS1194841,NA,19A,1
ERS1194842,NA,19A,1
ERS1194843,NA,35A,1
ERS1194844,NA,18F,1
ERS1194845,NA,19A,1
ERS1194846,NA,19A,1
ERS1194847,NA,23F,1
ERS1194848,NA,19A,1
ERS1194849,NA,19A,1
ERS1194850,NA,19A,1
ERS1194851,NA,14,1
ERS1194852,NA,18C,1
ERS1194853,NA,19A,1
ERS1194854,NA,18C,1
ERS1194855,NA,4,1
ERS1194856,NA,09V,1
ERS1194857,NA,19A,1
ERS1194858,NA,14,1
ERS1194859,NA,06B,1
ERS1194860,NA,19A,1
ERS1194861,NA,19A,1
ERS1194862,NA,19A,1
ERS1194863,NA,19A,1
ERS1194864,NA,23F,1
ERS1194865,NA,19A,1
ERS1194866,NA,06A,1
ERS1194867,NA,19A,1
ERS1194868,NA,19A,1
ERS1194869,NA,09V,1
ERS1194870,NA,11C,1
ERS1194871,NA,19A,1
ERS1194872,NA,14,1
ERS1194873,NA,11C,1
ERS1194874,NA,19A,1
ERS1194875,NA,09V,1
ERS1194876,NA,37,1
ERS1194877,NA,14,1
ERS1194878,NA,09V,1
ERS1194879,NA,19A,1
ERS1194880,NA,3,1
ERS1194881,NA,19A,1
ERS1194882,NA,34,1
ERS1194883,NA,14,1
ERS1194884,NA,23F,1
ERS1194885,NA,06A,1
ERS1194886,NA,19A,1
ERS1194887,NA,06A,1
ERS1194888,NA,19A,1
ERS1194889,NA,19A,1
ERS1194890,NA,19A,1
ERS1194891,NA,14,1
ERS1194892,NA,19A,1
ERS1194893,NA,37,1
ERS1194894,NA,14,1
ERS1194895,NA,19A,1
ERS1194896,NA,19A,1
ERS1194897,NA,4,1
ERS1194898,NA,4,1
ERS1194899,NA,09V,1
ERS1194900,NA,19A,1
ERS1194901,NA,23F,1
ERS1194902,NA,19A,1
ERS1194903,NA,09V,1
ERS1194904,NA,09V,1
ERS1194905,NA,34,1
ERS1194906,NA,06A,1
ERS1194907,NA,34,1
ERS1194908,NA,19A,1
ERS1194909,NA,18C,1
ERS1194910,NA,18C,1
ERS1194911,NA,06B,1
ERS1194912,NA,4,1
ERS1194913,NA,19A,1
ERS1194914,NA,18C,1
ERS1194915,NA,19A,1
ERS1194916,NA,19A,1
ERS1194917,NA,15B/C,1
ERS1194918,NA,14,1
ERS1194919,NA,13,1
ERS1194920,NA,5,1
ERS1194921,NA,19A,1
ERS1194922,NA,19A,1
ERS1194923,NA,19A,1
ERS1194924,NA,19A,1
ERS1194925,NA,4,1
ERS1194926,NA,37,1
ERS1194927,NA,19A,1
ERS1194928,NA,19A,1
ERS1194929,NA,34,1
ERS1194930,NA,19A,1
ERS1194931,NA,1,1
ERS1194932,NA,06A,1
ERS1194933,NA,34,1
ERS1194934,NA,1,1
ERS1194935,NA,19A,1
ERS1194936,NA,1,1
ERS1194937,NA,22A,1
ERS1194938,NA,14,1
ERS1194939,NA,19A,1
ERS1194940,NA,1,1
ERS1194941,NA,06B,1
ERS1194942,NA,06B,1
ERS1194943,NA,35A,1
ERS1194944,NA,1,1
ERS1194945,NA,1,1
ERS1194946,NA,19A,1
ERS1194947,NA,1,1
ERS1194948,NA,23F,1
ERS1194949,NA,19A,1
ERS1194950,NA,1,1
ERS1194951,NA,06B,1
ERS1194952,NA,19A,1
ERS1194953,NA,1,1
ERS1194954,NA,18C,1
ERS1194955,NA,06A,1
ERS1194956,NA,4,1
ERS1194957,NA,07C,1
ERS1194958,NA,1,1
ERS1194959,NA,18C,1
ERS1194960,NA,18C,1
ERS1194961,NA,06A,1
ERS1194962,NA,19A,1
ERS1194963,NA,09V,1
ERS1194964,NA,19A,1
ERS1194965,NA,06B,1
ERS1194966,NA,4,1
ERS1194967,NA,06B,1
ERS1194968,NA,19A,1
ERS1194969,NA,21,1
ERS1194970,NA,09N,1
ERS1194971,NA,3,1
ERS1194972,NA,16F,1
ERS1194973,NA,23B,1
ERS1194974,NA,07F,1
ERS1194975,NA,07C,1
ERS1194976,NA,5,1
ERS1194977,NA,19A,1
ERS1194978,NA,06A,1
ERS1194979,NA,09V,1
ERS1194980,NA,06A,1
ERS1194981,NA,4,1
ERS1194982,NA,06B,1
ERS1194983,NA,29,1
ERS1194984,NA,14,1
ERS1194985,NA,1,1
ERS1194986,NA,1,1
ERS1194987,NA,14,1
ERS1194988,NA,1,1
ERS1194989,NA,19F,1
ERS1194990,NA,06B,1
ERS1194991,NA,18C,1
ERS1194992,NA,1,1
ERS1194993,NA,06A,1
ERS1194994,NA,10F,1
ERS1194995,NA,1,1
ERS1194996,NA,35A,1
ERS1194997,NA,5,1
ERS1194998,NA,07C,1
ERS1194999,NA,23F,1
ERS1195000,NA,14,1
ERS1195001,NA,09N,1
ERS1195002,NA,23B,1
ERS1195003,NA,4,1
ERS1195004,NA,4,1
ERS1195005,NA,17F,1
ERS1195006,NA,09V,1
ERS1195007,NA,4,1
ERS1195008,NA,4,1
ERS1195009,NA,4,1
ERS1195010,NA,09V,1
ERS1195011,NA,17F,1
ERS1195012,NA,17F,1
ERS1195013,NA,17F,1
ERS1195014,NA,34,1
ERS1195015,NA,17F,1
ERS1195016,NA,37,1
ERS1195017,NA,23F,1
ERS1195018,NA,10F,1
ERS1195019,NA,1,1
ERS1195020,NA,06A,1
ERS1195021,NA,06A,1
ERS1195022,NA,1,1
ERS1195023,NA,1,1
ERS1195024,NA,06B,1
ERS1195025,NA,4,1
ERS1195026,NA,23B,1
ERS1195027,NA,23B,1
ERS1195028,NA,5,1
ERS1195029,NA,4,1
ERS1195030,NA,4,1
ERS1195031,NA,4,1
ERS1195032,NA,4,1
ERS1195033,NA,4,1
ERS1195034,NA,07C,1
ERS1195035,NA,06A,1
ERS1195036,NA,06A,1
ERS1195037,NA,19A,1
ERS1195038,NA,10F,1
ERS1195039,NA,1,1
ERS1195040,NA,14,1
ERS1195041,NA,10B,1
ERS1195042,NA,17F,1
ERS1195043,NA,1,1
ERS1195044,NA,23F,1
ERS1195045,NA,20,1
ERS1195046,NA,14,1
ERS1195047,NA,17F,1
ERS1195048,NA,18C,1
ERS1195049,NA,35C,1
ERS1195050,NA,06B,1
ERS1195051,NA,20,1
ERS1195052,NA,09V,1
ERS1195053,NA,23B,1
ERS1195054,NA,06B,1
ERS1195055,NA,15B/C,1
ERS1195056,NA,07F,1
ERS1195057,NA,16F,1
ERS1195058,NA,07F,1
ERS1195059,NA,19A,1
ERS1195060,NA,17F,1
ERS1195061,NA,35A,1
ERS1195062,NA,17F,1
ERS1195063,NA,23F,1
ERS1195064,NA,1,1
ERS1195065,NA,37,1
ERS1195066,NA,20,1
ERS1195067,NA,1,1
ERS1195068,NA,20,1
ERS1195069,NA,17F,1
ERS1195070,NA,1,1
ERS1195071,NA,5,1
ERS1195072,NA,17F,1
ERS1195073,NA,10B,1
ERS1195074,NA,20,1
ERS1195075,NA,34,1
ERS1195076,NA,17F,1
ERS1195077,NA,17F,1
ERS1195078,NA,13,1
ERS1195079,NA,20,1
ERS1195080,NA,06B,1
ERS1195081,NA,19A,1
ERS1195082,NA,19A,1
ERS1195083,NA,10F,1
ERS1195084,NA,06A,1
ERS1195085,NA,8,1
ERS1195086,NA,23B,1
ERS1195087,NA,09N,1
ERS1195088,NA,19A,1
ERS1195089,NA,10A,1
ERS1195090,NA,8,1
ERS1195091,NA,16F,1
ERS1195092,NA,38,1
ERS1195093,NA,8,1
ERS1195094,NA,12F,1
ERS1195095,NA,38,1
ERS1195096,NA,22F,1
ERS1195097,NA,8,1
ERS1195098,NA,3,1
ERS1195099,NA,09N,1
ERS1195100,NA,12F,1
ERS1195101,NA,37,1
ERS1195102,NA,8,1
ERS1195103,NA,35B,1
ERS1195104,NA,10A,1
ERS1195105,NA,8,1
ERS1195106,NA,24F,1
ERS1195107,NA,3,1
ERS1195108,NA,8,1
ERS1195109,NA,12F,1
ERS1195110,NA,3,1
ERS1195111,NA,09N,1
ERS1195112,NA,07F,1
ERS1195113,NA,8,1
ERS1195114,NA,8,1
ERS1195115,NA,09N,1
ERS1195116,NA,33F,1
ERS1195117,NA,22F,1
ERS1195118,NA,15A,1
ERS1195119,NA,12F,1
ERS1195120,NA,33F,1
ERS1195121,NA,8,1
ERS1195122,NA,12F,1
ERS1195123,NA,16F,1
ERS1195124,NA,8,1
ERS1195125,NA,38,1
ERS1195126,NA,8,1
ERS1195127,NA,3,1
ERS1195128,NA,10A,1
ERS1195129,NA,8,1
ERS1195130,NA,22F,1
ERS1195131,NA,8,1
ERS1195132,NA,3,1
ERS1195133,NA,24F,1
ERS1195134,NA,23B,1
ERS1195135,NA,10A,1
ERS1195136,NA,16F,1
ERS1195137,NA,38,1
ERS1195138,NA,15A,1
ERS1195139,NA,06C,1
ERS1195140,NA,22F,1
ERS1195141,NA,3,1
ERS1195142,NA,24F,1
ERS1195143,NA,15B/C,1
ERS1195144,NA,11A,1
ERS1195145,NA,12F,1
ERS1195146,NA,3,1
ERS1195147,NA,16F,1
ERS1195148,NA,23A,1
ERS1195149,NA,15A,1
ERS1195150,NA,15A,1
ERS1195151,NA,23B,1
ERS1195152,NA,15A,1
ERS1195153,NA,15A,1
ERS1195154,NA,1,1
ERS1195155,NA,3,1
ERS1195156,NA,06C,1
ERS1195157,NA,19A,1
ERS1195158,NA,06C,1
ERS1195159,NA,11A,1
ERS1195160,NA,06C,1
ERS1195161,NA,8,1
ERS1195162,NA,16F,1
ERS1195163,NA,15A,1
ERS1195164,NA,19A,1
ERS1195165,NA,15A,1
ERS1195166,NA,23A,1
ERS1195167,NA,07F,1
ERS1195168,NA,8,1
ERS1195169,NA,19A,1
ERS1195170,NA,09V,1
ERS1195171,NA,12F,1
ERS1195172,NA,33F,1
ERS1195173,NA,8,1
ERS1195174,NA,12F,1
ERS1195175,NA,23A,1
ERS1195176,NA,15B/C,1
ERS1195177,NA,19A,1
ERS1195178,NA,07F,1
ERS1195179,NA,19A,1
ERS1195180,NA,3,1
ERS1195181,NA,07F,1
ERS1195182,NA,07B,1
ERS1195183,NA,3,1
ERS1195184,NA,16F,1
ERS1195185,NA,11A,1
ERS1195186,NA,15A,1
ERS1195187,NA,35F,1
ERS1195188,NA,19A,1
ERS1195189,NA,8,1
ERS1195190,NA,12B,1
ERS1195191,NA,35B,1
ERS1195192,NA,20,1
ERS1195193,NA,15A,1
ERS1195194,NA,12F,1
ERS1195195,NA,19A,1
ERS1195196,NA,8,1
ERS1195197,NA,12F,1
ERS1195198,NA,15A,1
ERS1195199,NA,19A,1
ERS1195200,NA,15A,1
ERS1195201,NA,15A,1
ERS1195202,NA,15A,1
ERS1195203,NA,19F,1
ERS1195204,NA,23A,1
ERS1195205,NA,19F,1
ERS1195206,NA,09N,1
ERS1195207,NA,19A,1
ERS1195208,NA,07F,1
ERS1195209,NA,8,1
ERS1195210,NA,15A,1
ERS1195211,NA,15B/C,1
ERS1195212,NA,21,1
ERS1195213,NA,06C,1
ERS1195214,NA,8,1
ERS1195215,NA,8,1
ERS1195216,NA,3,1
ERS1195217,NA,23A,1
ERS1195218,NA,8,1
ERS1195219,NA,09N,1
ERS1195220,NA,20,1
ERS1195221,NA,15A,1
ERS1195222,NA,17F,1
ERS1195223,NA,19A,1
ERS1195224,NA,34,1
ERS1195225,NA,22F,1
ERS1195226,NA,15A,1
ERS1195227,NA,09V,1
ERS1195228,NA,12F,1
ERS1195229,NA,35F,1
ERS1195230,NA,8,1
ERS1195231,NA,3,1
ERS1195232,NA,23A,1
ERS1195233,NA,3,1
ERS1195234,NA,8,1
ERS1195235,NA,33F,1
ERS1195236,NA,8,1
ERS1195237,NA,8,1
ERS1195238,NA,38,1
ERS1195239,NA,19F,1
ERS1195240,NA,31,1
ERS1195241,NA,12F,1
ERS1195242,NA,19A,1
ERS1195243,NA,35B,1
ERS1195244,NA,19F,1
ERS1195245,NA,12F,1
ERS1195246,NA,22F,1
ERS1195247,NA,11A,1
ERS1195248,NA,11A,1
ERS1195249,NA,22F,1
ERS1195250,NA,8,1
ERS1195251,NA,19F,1
ERS1195252,NA,07F,1
ERS1195253,NA,06C,1
ERS1195254,NA,12F,1
ERS1195255,NA,22F,1
ERS1195256,NA,19A,1
ERS1195257,NA,20,1
ERS1195258,NA,8,1
ERS1195259,NA,33F,1
ERS1195260,NA,8,1
ERS1195261,NA,23B,1
ERS1195262,NA,23B,1
ERS1195263,NA,12F,1
ERS1195264,NA,19A,1
ERS1195265,NA,12F,1
ERS1195266,NA,3,1
ERS1195267,NA,35F,1
ERS1195268,NA,07F,1
ERS1195269,NA,22F,1
ERS1195270,NA,22F,1
ERS1195271,NA,NTR,1
ERS1195272,NA,09N,1
ERS1195273,NA,11A,1
ERS1195274,NA,16F,1
ERS1195275,NA,19A,1
ERS1195276,NA,8,1
ERS1195277,NA,06C,1
ERS1195278,NA,09N,1
ERS1195279,NA,8,1
ERS1195280,NA,15A,1
ERS1195281,NA,19A,1
ERS1195282,NA,8,1
ERS1195283,NA,23B,1
ERS1195284,NA,23B,1
ERS1195285,NA,15A,1
ERS1195286,NA,20,1
ERS1195287,NA,8,1
ERS1195288,NA,07B,1
ERS1195289,NA,27,1
ERS1195290,NA,07F,1
ERS1195291,NA,23A,1
ERS1195292,NA,8,1
ERS1195293,NA,8,1
ERS1195294,NA,3,1
ERS1195295,NA,09N,1
ERS1195296,NA,33F,1
ERS1195297,NA,16F,1
ERS1195298,NA,09N,1
ERS1195299,NA,19A,1
ERS1195300,NA,3,1
ERS1195301,NA,22F,1
ERS1195302,NA,17F,1
ERS1195303,NA,07F,1
ERS1195304,NA,3,1
ERS1195305,NA,35B,1
ERS1195306,NA,22F,1
ERS1195307,NA,21,1
ERS1195308,NA,NTR,1
ERS1195309,NA,09N,1
ERS1195310,NA,3,1
ERS1195311,NA,NTR,1
ERS1195312,NA,8,1
ERS1195313,NA,22F,1
ERS1195314,NA,28A,1
ERS1195315,NA,3,1
ERS1195316,NA,06C,1
ERS1195317,NA,07F,1
ERS1195318,NA,23F,1
ERS1195319,NA,12F,1
ERS1195320,NA,15A,1
ERS1195321,NA,22F,1
ERS1195322,NA,09N,1
ERS1195323,NA,33F,1
ERS1195324,NA,8,1
ERS1195325,NA,22F,1
ERS1195326,NA,23B,1
ERS1195327,NA,23B,1
ERS1195328,NA,11A,1
ERS1195329,NA,33F,1
ERS1195330,NA,22F,1
ERS1195331,NA,11A,1
ERS1195332,NA,8,1
ERS1195333,NA,16F,1
ERS1195334,NA,23A,1
ERS1195335,NA,8,1
ERS1195336,NA,15A,1
ERS1195337,NA,3,1
ERS1195338,NA,23B,1
ERS1195339,NA,23B,1
ERS1195340,NA,15A,1
ERS1195341,NA,15A,1
ERS1195342,NA,35B,1
ERS1195343,NA,10A,1
ERS1195344,NA,19F,1
ERS1195345,NA,19F,1
ERS1195346,NA,33F,1
ERS1195347,NA,15A,1
ERS1195348,NA,3,1
ERS1195349,NA,15A,1
ERS1195350,NA,06C,1
ERS1195351,NA,19A,1
ERS1195352,NA,12F,1
ERS1195353,NA,8,1
ERS1195354,NA,33F,1
ERS1195355,NA,8,1
ERS1195356,NA,23B,1
ERS1195357,NA,8,1
ERS1195358,NA,23A,1
ERS1195359,NA,22F,1
ERS1195360,NA,33F,1
ERS1195361,NA,09N,1
ERS1195362,NA,15A,1
ERS1195363,NA,22F,1
ERS1195364,NA,8,1
ERS1195365,NA,24F,1
ERS1195366,NA,24F,1
ERS1195367,NA,15A,1
ERS1195368,NA,19A,1
ERS1195369,NA,22F,1
ERS1195370,NA,31,1
ERS1195371,NA,09N,1
ERS1195372,NA,10A,1
ERS1195373,NA,8,1
ERS1195374,NA,8,1
ERS1195375,NA,16F,1
ERS1195376,NA,09N,1
ERS1195377,NA,22F,1
ERS1195378,NA,15A,1
ERS1195379,NA,38,1
ERS1195380,NA,22F,1
ERS1195381,NA,8,1
ERS1195382,NA,31,1
ERS1195383,NA,15A,1
ERS1195384,NA,37,1
ERS1195385,NA,12F,1
ERS1195386,NA,23F,1
ERS1195387,NA,4,1
ERS1195388,NA,06B,1
ERS1195389,NA,13,1
ERS1195390,NA,21,1
ERS1195391,NA,20,1
ERS1195392,NA,19A,1
ERS1195393,NA,14,1
ERS1195394,NA,24B,1
ERS1195395,NA,20,1
ERS1195396,NA,4,1
ERS1195397,NA,06D,1
ERS1195398,NA,06B,1
ERS1195399,NA,20,1
ERS1195400,NA,17F,1
ERS1195401,NA,17F,1
ERS1195402,NA,09V,1
ERS1195403,NA,21,1
ERS1195404,NA,1,1
ERS1195405,NA,19A,1
ERS1195406,NA,20,1
ERS1195407,NA,34,1
ERS1195408,NA,20,1
ERS1195409,NA,20,1
ERS1195410,NA,17F,1
ERS1195411,NA,20,1
ERS1195412,NA,10B,1
ERS1195413,NA,15A,1
ERS1195414,NA,06C,1
ERS1195415,NA,09V,1
ERS1195416,NA,23F,1
ERS1195417,NA,24F,1
ERS1195418,NA,17F,1
ERS1195419,NA,07F,1
ERS1195420,NA,21,1
ERS1195421,NA,07F,1
ERS1195422,NA,1,1
ERS1195423,NA,12F,1
ERS1195424,NA,10B,1
ERS1195425,NA,07A,1
ERS1195426,NA,28A,1
ERS1195427,NA,20,1
ERS1195428,NA,27,1
ERS1195429,NA,12F,1
ERS1195430,NA,3,1
ERS1195431,NA,10A,1
ERS1195432,NA,07F,1
ERS1195433,NA,12F,1
ERS1195434,NA,8,1
ERS1195435,NA,8,1
ERS1195436,NA,09N,1
ERS1195437,NA,4,1
ERS1195438,NA,18C,1
ERS1195439,NA,09V,1
ERS1195440,NA,14,1
ERS1195441,NA,20,1
ERS1195442,NA,14,1
ERS1195443,NA,06A,1
ERS1195444,NA,1,1
ERS1195445,NA,14,1
ERS1195446,NA,4,1
ERS1195447,NA,1,1
ERS1195448,NA,12F,1
ERS1195449,NA,06A,1
ERS1195450,NA,15B/C,1
ERS1195451,NA,15B/C,1
ERS1195452,NA,22F,1
ERS1195453,NA,09N,1
ERS1195454,NA,09N,1
ERS1195455,NA,07F,1
ERS1195456,NA,10A,1
ERS1195457,NA,8,1
ERS1195458,NA,12F,1
ERS1195459,NA,3,1
ERS1195460,NA,8,1
ERS1195461,NA,06A,1
ERS1195462,NA,8,1
ERS1195463,NA,12F,1
ERS1195464,NA,31,1
ERS1195465,NA,8,1
ERS1195466,NA,8,1
ERS1195467,NA,10F,1
ERS1195468,NA,09L,1
ERS1195469,NA,07B,1
ERS1195470,NA,10A,1
ERS1195471,NA,19A,1
ERS1195472,NA,33F,1
ERS1195473,NA,20,1
ERS1195474,NA,1,1
ERS1195475,NA,17F,1
ERS1195476,NA,34,1
ERS1195477,NA,21,1
ERS1195478,NA,22F,1
ERS1195479,NA,35F,1
ERS1195480,NA,35F,1
ERS1195481,NA,31,1
ERS1195482,NA,8,1
ERS1195483,NA,8,1
ERS1195484,NA,8,1
ERS1195485,NA,33F,1
ERS1195486,NA,24F,1
ERS1195487,NA,09V,1
ERS1195488,NA,09V,1
ERS1195489,NA,3,1
ERS1195490,NA,33F,1
ERS1195491,NA,06A,1
ERS1195492,NA,12F,1
ERS1195493,NA,18C,1
ERS1195494,NA,15A,1
ERS1195495,NA,22F,1
ERS1195496,NA,09V,1
ERS1195497,NA,07F,1
ERS1195498,NA,09V,1
ERS1195499,NA,06B,1
ERS1195500,NA,34,1
ERS1195501,NA,14,1
ERS1195502,NA,09V,1
ERS1195503,NA,20,1
ERS1195504,NA,20,1
ERS1195505,NA,4,1
ERS1195506,NA,Serogroup 24,1
ERS1195507,NA,06B,1
ERS1195508,NA,27,1
ERS1195509,NA,20,1
ERS1195510,NA,17F,1
ERS1195511,NA,20,1
ERS1195512,NA,06B,1
ERS1195513,NA,31,1
ERS1195514,NA,20,1
ERS1195515,NA,21,1
ERS1195516,NA,38,1
ERS1195517,NA,38,1
ERS1195518,NA,17F,1
ERS1195519,NA,17F,1
ERS1195520,NA,20,1
ERS1195521,NA,17F,1
ERS1195522,NA,21,1
ERS1195523,NA,17F,1
ERS1195524,NA,21,1
ERS1195525,NA,06A,1
ERS1195526,NA,29,1
ERS1195527,NA,31,1
ERS1195528,NA,31,1
ERS1195529,NA,18A,1
ERS1195530,NA,17F,1
ERS1195531,NA,34,1
ERS1195532,NA,21,1
ERS1195533,NA,23F,1
ERS1195534,NA,06B,1
ERS1195535,NA,38,1
ERS1195536,NA,4,1
ERS1195537,NA,20,1
ERS1195538,NA,31,1
ERS1195539,NA,17F,1
ERS1195540,NA,19F,1
ERS1195541,NA,31,1
ERS1195542,NA,38,1
ERS1195543,NA,21,1
ERS1195544,NA,19F,1
ERS1195545,NA,12A,1
ERS1195546,NA,NTR,1
ERS1195547,NA,38,1
ERS1195548,NA,31,1
ERS1195549,NA,17F,1
ERS1195550,NA,Serogroup 24,1
ERS1195551,NA,27,1
ERS1195552,NA,19A,1
ERS1195553,NA,09V,1
ERS1195554,NA,19F,1
ERS1195555,NA,17F,1
ERS1195556,NA,18C,1
ERS1195557,NA,09V,1
ERS1195558,NA,20,1
ERS1195559,NA,13,1
ERS1195560,NA,35F,1
ERS1195561,NA,20,1
ERS1195562,NA,10F,1
ERS1195563,NA,1,1
ERS1195564,NA,20,1
ERS1195565,NA,31,1
ERS1195566,NA,10A,1
ERS1195567,NA,35A,1
ERS1195568,NA,10A,1
ERS1195569,NA,20,1
ERS1195570,NA,1,1
ERS1195571,NA,18C,1
ERS1195572,NA,07C,1
ERS1195573,NA,35F,1
ERS1195574,NA,17F,1
ERS1195575,NA,23F,1
ERS1195576,NA,21,1
ERS1195577,NA,21,1
ERS1195578,NA,35F,1
ERS1195579,NA,09V,1
ERS1195580,NA,17F,1
ERS1195581,NA,10A,1
ERS1195582,NA,19F,1
ERS1195583,NA,11A,1
ERS1195584,NA,23F,1
ERS1195585,NA,31,1
ERS1195586,NA,09V,1
ERS1195587,NA,11A,1
ERS1195588,NA,10A,1
ERS1195589,NA,31,1
ERS1195590,NA,31,1
ERS1195591,NA,10A,1
ERS1195592,NA,11A,1
ERS1195593,NA,10A,1
ERS1195594,NA,11A,1
ERS1195595,NA,10A,1
ERS1195596,NA,20,1
ERS1195597,NA,35F,1
ERS1195598,NA,35F,1
ERS1195599,NA,35B,1
ERS1195600,NA,20,1
ERS1195601,NA,10A,1
ERS1195602,NA,10A,1
ERS1195603,NA,31,1
ERS1195604,NA,23A,1
ERS1195605,NA,23A,1
ERS1195606,NA,35F,1
ERS1195607,NA,06B,1
ERS1195608,NA,10A,1
ERS1195609,NA,17F,1
ERS1195610,NA,23F,1
ERS1195611,NA,35B,1
ERS1195612,NA,20,1
ERS1195613,NA,23A,1
ERS1195614,NA,10A,1
ERS1195615,NA,10F,1
ERS1195616,NA,10A,1
ERS1195617,NA,10A,1
ERS1195618,NA,06A,1
ERS1195619,NA,11A,1
ERS1195620,NA,38,1
ERS1195621,NA,11A,1
ERS1195622,NA,10A,1
ERS1195623,NA,17F,1
ERS1195624,NA,10A,1
ERS1195625,NA,14,1
ERS1195626,NA,23F,1
ERS1195627,NA,11A,1
ERS1195628,NA,23F,1
ERS1195629,NA,17F,1
ERS1195630,NA,07A,1
ERS1195631,NA,11A,1
ERS1195632,NA,35F,1
ERS1195633,NA,38,1
ERS1195634,NA,35B,1
ERS1195635,NA,38,1
ERS1195636,NA,11A,1
ERS1195637,NA,23A,1
ERS1195638,NA,31,1
ERS1195639,NA,33F,1
ERS1195640,NA,19F,1
ERS1195641,NA,33F,1
ERS1195642,NA,18A,1
ERS1195643,NA,31,1
ERS1195644,NA,21,1
ERS1195645,NA,10A,1
ERS1195646,NA,11A,1
ERS1195647,NA,10A,1
ERS1195648,NA,10A,1
ERS1195649,NA,10A,1
ERS1195650,NA,Serogroup 24,1
ERS1195651,NA,38,1
ERS1195652,NA,16F,1
ERS1195653,NA,11A,1
ERS1195654,NA,33F,1
ERS1195655,NA,23A,1
ERS1195656,NA,10A,1
ERS1195657,NA,38,1
ERS1195658,NA,38,1
ERS1195659,NA,10A,1
ERS1195660,NA,33F,1
ERS1195661,NA,33F,1
ERS1195662,NA,4,1
ERS1195663,NA,20,1
ERS1195664,NA,27,1
ERS1195665,NA,11A,1
ERS1195666,NA,35F,1
ERS1195667,NA,31,1
ERS1195668,NA,20,1
ERS1195669,NA,33F,1
ERS1195670,NA,20,1
ERS1195671,NA,17F,1
ERS1195672,NA,33F,1
ERS1195673,NA,21,1
ERS1195674,NA,33F,1
ERS1195675,NA,23A,1
ERS1195676,NA,10A,1
ERS1195677,NA,1,1
ERS1195678,NA,11A,1
ERS1195679,NA,11A,1
ERS1195680,NA,33F,1
ERS1195681,NA,16F,1
ERS1195682,NA,17F,1
ERS1195683,NA,17F,1
ERS1195684,NA,23A,1
ERS1195685,NA,16F,1
ERS1195686,NA,23A,1
ERS1195687,NA,16F,1
ERS1195688,NA,23A,1
ERS1195689,NA,38,1
ERS1195690,NA,07F,1
ERS1195691,NA,23F,1
ERS1195692,NA,11A,1
ERS1195693,NA,35B,1
ERS1195694,NA,07A,1
ERS1195695,NA,07F,1
ERS1195696,NA,18A,1
ERS1195697,NA,35F,1
ERS1195698,NA,07F,1
ERS1195699,NA,35F,1
ERS1195700,NA,38,1
ERS1195701,NA,31,1
ERS1195702,NA,16F,1
ERS1195703,NA,33F,1
ERS1195704,NA,17F,1
ERS1195705,NA,10A,1
ERS1195706,NA,23A,1
ERS1195707,NA,16F,1
ERS1195708,NA,17F,1
ERS1195709,NA,33F,1
ERS1195710,NA,11A,1
ERS1195711,NA,10A,1
ERS1195712,NA,11A,1
ERS1195713,NA,07F,1
ERS1195714,NA,11A,1
ERS1195715,NA,24F,1
ERS1195716,NA,33F,1
ERS1195717,NA,24F,1
ERS1195718,NA,33F,1
ERS1195719,NA,24F,1
ERS1195720,NA,11A,1
ERS1195721,NA,NTR,1
ERS1195722,NA,33F,1
ERS1195723,NA,3,1
ERS1195724,NA,3,1
ERS1195725,NA,24F,1
ERS1195726,NA,33F,1
ERS1195727,NA,07F,1
ERS1195728,NA,4,1
ERS1195729,NA,11A,1
ERS1195730,NA,33F,1
ERS1195731,NA,07F,1
ERS1195732,NA,19F,1
ERS1195733,NA,3,1
ERS1195734,NA,11A,1
ERS1195735,NA,09N,1
ERS1195736,NA,09N,1
ERS1195737,NA,10A,1
ERS1195738,NA,8,1
ERS1195739,NA,35B,1
ERS1195740,NA,09N,1
ERS1195741,NA,11A,1
ERS1195742,NA,09N,1
ERS1195743,NA,10A,1
ERS1195744,NA,3,1
ERS1195745,NA,33F,1
ERS1195746,NA,12F,1
ERS1195747,NA,10A,1
ERS1195748,NA,33F,1
ERS1195749,NA,12F,1
ERS1195750,NA,12F,1
ERS1195751,NA,10A,1
ERS1195752,NA,33F,1
ERS1195753,NA,12F,1
ERS1195754,NA,09N,1
ERS1195755,NA,35B,1
ERS1195756,NA,07F,1
ERS1195757,NA,11A,1
ERS1195758,NA,35F,1
ERS1195759,NA,19F,1
ERS1195760,NA,09N,1
ERS1195761,NA,09N,1
ERS1195762,NA,33F,1
ERS1195763,NA,20,1
ERS1195764,NA,3,1
ERS1195765,NA,23A,1
ERS1195766,NA,16F,1
ERS1195767,NA,12F,1
ERS1195768,NA,20,1
ERS1195769,NA,35B,1
ERS1195770,NA,12F,1
ERS1195771,NA,06B,1
ERS1195772,NA,33F,1
ERS1195773,NA,1,1
ERS1195774,NA,3,1
ERS1195775,NA,09N,1
ERS1195776,NA,3,1
ERS1195777,NA,Serogroup 24,1
ERS1195778,NA,12F,1
ERS1195779,NA,12F,1
ERS1195780,NA,3,1
ERS1195781,NA,3,1
ERS1195782,NA,06D,1
ERS1195783,NA,20,1
ERS1195784,NA,23B,1
ERS1195785,NA,09N,1
ERS1195786,NA,11A,1
ERS1195787,NA,28F,1
ERS1195788,NA,Serogroup 33,1
ERS1195789,NA,Serogroup 33,1
ERS1195790,NA,36,1
ERS1195791,NA,NTR,1
ERS1195792,NA,14,1
ERS1195793,NA,18C,1
ERS1195794,NA,07C,1
ERS1195795,NA,06A,1
ERS1195796,NA,15B/C,1
ERS1195797,NA,5,1
ERS1195798,NA,14,1
ERS1195799,NA,09V,1
ERS1195800,NA,18C,1
ERS1195801,NA,14,1
ERS1195802,NA,09V,1
ERS1195803,NA,15C,1
ERS1195804,NA,15C,1
ERS1195805,NA,18C,1
ERS1195806,NA,27,1
ERS1195807,NA,15C,1
ERS1195808,NA,14,1
ERS1195809,NA,27,1
ERS1195810,NA,34,1
ERS1195811,NA,13,1
ERS1195812,NA,14,1
ERS1195813,NA,06A,1
ERS1195814,NA,07C,1
ERS1195815,NA,09V,1
ERS1195816,NA,18C,1
ERS1195817,NA,06A,1
ERS1195818,NA,27,1
ERS1195819,NA,18C,1
ERS1195820,NA,5,1
ERS1195821,NA,13,1
ERS1195822,NA,18C,1
ERS1195823,NA,15C,1
ERS1195824,NA,27,1
ERS1195825,NA,15C,1
ERS1195826,NA,15C,1
ERS1195827,NA,15C,1
ERS1195828,NA,15C,1
ERS1195829,NA,27,1
ERS1195830,NA,06A,1
ERS1195831,NA,18C,1
ERS1195832,NA,27,1
ERS1195833,NA,15C,1
ERS1195834,NA,06A,1
ERS1195835,NA,23B,1
ERS1195836,NA,23B,1
ERS1195837,NA,23B,1
ERS1195838,NA,23B,1
ERS1195839,NA,18C,1
ERS1195840,NA,23B,1
ERS1195841,NA,23B,1
ERS1195842,NA,5,1
ERS1195843,NA,18C,1
ERS1195844,NA,15C,1
ERS1195845,NA,15C,1
ERS1195846,NA,15C,1
ERS1195847,NA,15C,1
ERS1195848,NA,06A,1
ERS1195849,NA,18C,1
ERS1195850,NA,18C,1
ERS1195851,NA,15C,1
ERS1195852,NA,15A,1
ERS1195853,NA,06A,1
ERS1195854,NA,15B,1
ERS1195855,NA,27,1
ERS1195856,NA,34,1
ERS1195857,NA,27,1
ERS1195858,NA,18C,1
ERS1195859,NA,13,1
ERS1195860,NA,37,1
ERS1195861,NA,29,1
ERS1195862,NA,23B,1
ERS1195863,NA,23B,1
ERS1195864,NA,23B,1
ERS1195865,NA,23B,1
ERS1195866,NA,29,1
ERS1195867,NA,23B,1
ERS1195868,NA,23B,1
ERS1195869,NA,18C,1
ERS1195870,NA,13,1
ERS1195871,NA,5,1
ERS1195872,NA,29,1
ERS1195873,NA,13,1
ERS1195874,NA,5,1
ERS1195875,NA,5,1
ERS1195876,NA,13,1
ERS1195877,NA,13,1
ERS1195878,NA,5,1
ERS1195879,NA,2,1
ERS1195880,NA,23B,1
ERS1195881,NA,18C,1
ERS1195882,NA,06A,1
ERS1195883,NA,23B,1
ERS1195884,NA,23B,1
ERS1195885,NA,18C,1
ERS1195886,NA,13,1
ERS1195887,NA,27,1
ERS1195888,NA,5,1
ERS1195889,NA,13,1
ERS1195890,NA,09V,1
ERS1195891,NA,09V,1
ERS1195892,NA,09V,1
ERS1195893,NA,29,1
ERS1195894,NA,18B,1
ERS1195895,NA,5,1
ERS1195896,NA,5,1
ERS1195897,NA,29,1
ERS1195898,NA,5,1
ERS1195899,NA,5,1
ERS1195900,NA,23B,1
ERS1195901,NA,37,1
ERS1195902,NA,37,1
ERS1195903,NA,23B,1
ERS1195904,NA,23B,1
ERS1195905,NA,23B,1
ERS1195906,NA,23B,1
ERS1195907,NA,23B,1
ERS1195908,NA,23B,1
ERS1195909,NA,23B,1
ERS1195910,NA,19B,1
ERS1195911,NA,23B,1
ERS1195912,NA,23B,1
ERS1195913,NA,29,1
ERS1195914,NA,5,1
ERS1195915,NA,5,1
ERS1195916,NA,37,1
ERS1195917,NA,13,1
ERS1195918,NA,37,1
ERS1195919,NA,10F,1
ERS1195920,NA,23B,1
ERS1195921,NA,07C,1
ERS1195922,NA,23B,1
ERS1195923,NA,07C,1
ERS1195924,NA,23B,1
ERS1195925,NA,18A,1
ERS1195926,NA,28A,1
ERS1195927,NA,23B,1
ERS1195928,NA,23B,1
ERS1195929,NA,35C,1
ERS1195930,NA,28A,1
ERS1195931,NA,28A,1
ERS1195932,NA,23B,1
ERS1195933,NA,10F,1
ERS1195934,NA,23B,1
ERS1195935,NA,23B,1
ERS1195936,NA,28A,1
ERS1195937,NA,28A,1
ERS1195938,NA,28A,1
ERS1195939,NA,23B,1
ERS1195940,NA,23B,1
ERS1195941,NA,18A,1
ERS1195942,NA,23B,1
ERS1195943,NA,23B,1
ERS1195944,NA,28A,1
ERS1195945,NA,5,1
ERS1195946,NA,28A,1
ERS1195947,NA,23B,1
ERS1195948,NA,23B,1
ERS1195949,NA,18A,1
ERS1195950,NA,23B,1
ERS1195951,NA,5,1
ERS1195952,NA,5,1
ERS1195953,NA,5,1
ERS1195954,NA,5,1
ERS1195955,NA,5,1
ERS1195956,NA,5,1
ERS1195957,NA,5,1
ERS1195958,NA,5,1
ERS1195959,NA,5,1
ERS1195960,NA,5,1
ERS1195961,NA,28A,1
ERS1195962,NA,5,1
ERS1195963,NA,5,1
ERS1195964,NA,5,1
ERS1195965,NA,5,1
ERS1195966,NA,23B,1
ERS1195967,NA,23B,1
ERS1195968,NA,5,1
ERS1195969,NA,5,1
ERS1195970,NA,29,1
ERS1195971,NA,23B,1
ERS1195972,NA,23B,1
ERS1195973,NA,23B,1
ERS1195974,NA,23B,1
ERS1195975,NA,23B,1
ERS1195976,NA,5,1
ERS1195977,NA,23B,1
ERS1195978,NA,23B,1
ERS1195979,NA,29,1
ERS1195980,NA,13,1
ERS1195981,NA,29,1
ERS1195983,NA,12B,1
ERS1195984,NA,10F,1
ERS1195985,NA,12B,1
ERS1195986,NA,07C,1
ERS1195987,NA,10F,1
ERS1195988,NA,07C,1
ERS1195989,NA,23B,1
ERS1195990,NA,07C,1
ERS1195991,NA,23B,1
ERS1195992,NA,07C,1
ERS1195993,NA,18A,1
ERS1195994,NA,2,1
ERS1195995,NA,23B,1
ERS1195996,NA,19C,1
ERS1195997,NA,23B,1
ERS1195998,NA,2,1
ERS1195999,NA,23B,1
ERS1196000,NA,18B,1
ERS1196001,NA,07C,1
ERS1196002,NA,18B,1
ERS1196003,NA,07C,1
ERS1196004,NA,23B,1
ERS1196005,NA,10F,1
ERS1196006,NA,12B,1
ERS1196007,NA,23B,1
ERS1196008,NA,10F,1
ERS1196009,NA,23B,1
ERS1196010,NA,29,1
ERS1196011,NA,07C,1
ERS1196012,NA,28A,1
ERS1196013,NA,12B,1
ERS1196014,NA,28A,1
ERS1196015,NA,2,1
ERS1196016,NA,23B,1
ERS1196017,NA,12B,1
ERS1196018,NA,28A,1
ERS1196019,NA,10F,1
ERS1196020,NA,12B,1
ERS1196021,NA,07C,1
ERS1196022,NA,07C,1
ERS1196023,NA,10F,1
ERS1196024,NA,10F,1
ERS1196025,NA,23B,1
ERS1196026,NA,18B,1
ERS1196027,NA,12B,1
ERS1196028,NA,10F,1
ERS1196030,NA,12B,1
ERS1196031,NA,23B,1
ERS1196032,NA,2,1
ERS1196033,NA,18A,1
ERS1196034,NA,2,1
ERS1196035,NA,10F,1
ERS1196036,NA,07C,1
ERS1196037,NA,23B,1
ERS1196038,NA,10F,1
ERS1196039,NA,23B,1
ERS1196040,NA,12B,1
ERS1196041,NA,07C,1
ERS1196042,NA,18B,1
ERS1196043,NA,07C,1
ERS1196044,NA,37,1
ERS1196045,NA,37,1
ERS1196047,NA,37,1
ERS1196048,NA,37,1
ERS1196049,NA,19A,1
ERS1196050,NA,17F,1
ERS1196051,NA,21,1
ERS1196052,NA,21,1
