sample_id,tool,predicted_serotype
ERR1439936,SeroCall,08
ERR1439181,SeroCall,19F
ERR1440267,SeroCall,08
ERR1439019,SeroCall,35B
ERR1439552,SeroCall,15A
ERR1438876,SeroCall,09N
ERR1440603,SeroCall,15B/15C
ERR1438924,SeroCall,19A
ERR1438847,SeroCall,08
ERR1439729,SeroCall,19A
ERR1439530,SeroCall,10A
ERR1439839,SeroCall,04
ERR1440387,SeroCall,17F
ERR1440008,SeroCall,15A
ERR1439031,SeroCall,35B
ERR1439639,SeroCall,24A/24B/24F
ERR1439632,SeroCall,35B
ERR1438925,SeroCall,07F
ERR1440154,SeroCall,15A
ERR1440139,SeroCall,08
ERR1438918,SeroCall,15A
ERR1438865,SeroCall,19A
ERR1438613,SeroCall,23A
ERR1439039,SeroCall,38
ERR1440601,SeroCall,07C
ERR1440192,SeroCall,12F
ERR1439083,SeroCall,15A
ERR1440161,SeroCall,33F
ERR1440415,SeroCall,10A
ERR1439681,SeroCall,19A
ERR1439853,SeroCall,14
ERR1439589,SeroCall,04
ERR1439053,SeroCall,15A
ERR1440680,SeroCall,13
ERR1438699,SeroCall,22F
ERR1439425,SeroCall,19A
ERR1440592,SeroCall,09N
ERR1440309,SeroCall,09A
ERR1440010,SeroCall,19F
ERR1440534,SeroCall,07F
ERR1438647,SeroCall,17F
ERR1440031,SeroCall,34
ERR1439108,SeroCall,19A
ERR1438627,SeroCall,15A
ERR1439792,SeroCall,01
ERR1440217,SeroCall,17F
ERR1439879,SeroCall,17F
ERR1440038,SeroCall,03
ERR1439155,SeroCall,15A
ERR1438700,SeroCall,23F
ERR1440076,SeroCall,22F
ERR1439540,SeroCall,35F
ERR1440437,SeroCall,07F
ERR1440221,SeroCall,06C
ERR1440354,SeroCall,38
ERR1439745,SeroCall,14
ERR1440064,SeroCall,20
ERR1438901,SeroCall,01
ERR1439687,SeroCall,03
ERR1439026,SeroCall,19F
ERR1439509,SeroCall,06C
ERR1439593,SeroCall,35B
ERR1439862,SeroCall,15B/15C
ERR1440324,SeroCall,38
ERR1440374,SeroCall,35A
ERR1438792,SeroCall,09L
ERR1438941,SeroCall,06C
ERR1438673,SeroCall,23B
ERR1439399,SeroCall,15A
ERR1440169,SeroCall,15A
ERR1438838,SeroCall,06C
ERR1440103,SeroCall,33F
ERR1439697,SeroCall,19A
ERR1439564,SeroCall,14
ERR1439249,SeroCall,15B/15C
ERR1438823,SeroCall,19A
ERR1440505,SeroCall,07F
ERR1440236,SeroCall,12F
ERR1439117,SeroCall,15A
ERR1438778,SeroCall,23B1
ERR1440391,SeroCall,23B
ERR1440160,SeroCall,08
ERR1438777,SeroCall,23B1
ERR1439677,SeroCall,11A
ERR1439197,SeroCall,35F
ERR1439392,SeroCall,15B/15C
ERR1440527,SeroCall,11A
ERR1440669,SeroCall,23B
ERR1439978,SeroCall,12F
ERR1440152,SeroCall,19F
ERR1439309,SeroCall,15A
ERR1439063,SeroCall,15A
ERR1438843,SeroCall,03
ERR1439855,SeroCall,18C
ERR1440604,SeroCall,05
ERR1440277,SeroCall,10A
ERR1439381,SeroCall,15B/15C
ERR1438971,SeroCall,02
ERR1438948,SeroCall,19A
ERR1439572,SeroCall,12F
ERR1440580,SeroCall,01
ERR1439623,SeroCall,14
ERR1440185,SeroCall,15A
ERR1438852,SeroCall,19A
ERR1440659,SeroCall,15A
ERR1438828,SeroCall,19A
ERR1440417,SeroCall,23F
ERR1439194,SeroCall,19A
ERR1439555,SeroCall,06E(6B)
ERR1438665,SeroCall,15B/15C
ERR1440164,SeroCall,08
ERR1439406,SeroCall,08
ERR1439456,SeroCall,12F
ERR1439346,SeroCall,35B
ERR1438914,SeroCall,04
ERR1438707,SeroCall,11A
ERR1439735,SeroCall,19A
ERR1439355,SeroCall,23B1
ERR1439705,SeroCall,04
ERR1440177,SeroCall,31
ERR1440241,SeroCall,08
ERR1438637,SeroCall,19A
ERR1440302,SeroCall,22F
ERR1440219,SeroCall,10B
ERR1440156,SeroCall,15A
ERR1439927,SeroCall,33A/33F
ERR1440026,SeroCall,09N
ERR1440466,SeroCall,10A
ERR1440460,SeroCall,11A
ERR1440100,SeroCall,08
ERR1439917,SeroCall,03
ERR1438952,SeroCall,19A
ERR1440617,SeroCall,34
ERR1439683,SeroCall,16F
ERR1438870,SeroCall,03
ERR1439489,SeroCall,20
ERR1439966,SeroCall,11A
ERR1439664,SeroCall,19A
ERR1438751,SeroCall,42
ERR1439882,SeroCall,34
ERR1439165,SeroCall,19A
ERR1439126,SeroCall,19A
ERR1439872,SeroCall,37
ERR1440638,SeroCall,18C
ERR1438922,SeroCall,19F
ERR1439625,SeroCall,23B
ERR1439928,SeroCall,08
ERR1440500,SeroCall,35B
ERR1439433,SeroCall,34
ERR1440153,SeroCall,33A/33F
ERR1438782,SeroCall,23B1
ERR1440224,SeroCall,24A/24B/24F
ERR1440053,SeroCall,22F
ERR1438989,SeroCall,34
ERR1439479,SeroCall,07F
ERR1438737,SeroCall,11A
ERR1439758,SeroCall,06B
ERR1440353,SeroCall,FAILED
ERR1440039,SeroCall,23A
ERR1440097,SeroCall,07F
ERR1439890,SeroCall,10B
ERR1439147,SeroCall,15A
ERR1439566,SeroCall,37
ERR1439349,SeroCall,19A
ERR1438790,SeroCall,35B
ERR1438705,SeroCall,17F
ERR1440330,SeroCall,17F
ERR1440384,SeroCall,21
ERR1440453,SeroCall,16F
ERR1440216,SeroCall,20
ERR1438885,SeroCall,19A
ERR1438915,SeroCall,19A
ERR1440314,SeroCall,06E(6B)
ERR1438757,SeroCall,15B/15C
ERR1439251,SeroCall,15B/15C
ERR1440571,SeroCall,03
ERR1440042,SeroCall,33A/33F
ERR1439184,SeroCall,11A
ERR1438664,SeroCall,38
ERR1438749,SeroCall,33B
ERR1439867,SeroCall,17F
ERR1440402,SeroCall,10A
ERR1440602,SeroCall,06A
ERR1439342,SeroCall,15B/15C
ERR1439515,SeroCall,08
ERR1438832,SeroCall,19A
ERR1439313,SeroCall,19F
ERR1438944,SeroCall,07F
ERR1439621,SeroCall,06A
ERR1439808,SeroCall,09N
ERR1440345,SeroCall,31
ERR1438936,SeroCall,11A
ERR1439104,SeroCall,15A
ERR1440316,SeroCall,20
ERR1439054,SeroCall,15A
ERR1439876,SeroCall,17F
ERR1439969,SeroCall,16F
ERR1439678,SeroCall,19A
ERR1440494,SeroCall,16F
ERR1438939,SeroCall,07F
ERR1439702,SeroCall,19A
ERR1439777,SeroCall,09N
ERR1439429,SeroCall,18C
ERR1440188,SeroCall,08
ERR1440677,SeroCall,13
ERR1439209,SeroCall,19A
ERR1438714,SeroCall,07F
ERR1440449,SeroCall,18A
ERR1439818,SeroCall,17F
ERR1440456,SeroCall,10A
ERR1440257,SeroCall,15B/15C
ERR1438774,SeroCall,02
ERR1439569,SeroCall,12F
ERR1439782,SeroCall,07C
ERR1438842,SeroCall,19A
ERR1439900,SeroCall,08
ERR1439168,SeroCall,18A
ERR1440376,SeroCall,20
ERR1439106,SeroCall,18C
ERR1439064,SeroCall,19A
ERR1439172,SeroCall,15A
ERR1439576,SeroCall,09V
ERR1440186,SeroCall,38
ERR1440047,SeroCall,31
ERR1438679,SeroCall,23B
ERR1440121,SeroCall,28A
ERR1438744,SeroCall,31
ERR1439910,SeroCall,35B
ERR1438703,SeroCall,02
ERR1440346,SeroCall,17F
ERR1439074,SeroCall,15A
ERR1440166,SeroCall,22F
ERR1440090,SeroCall,23B
ERR1439411,SeroCall,19A
ERR1438937,SeroCall,19A
ERR1438669,SeroCall,19A
ERR1440332,SeroCall,06A
ERR1440096,SeroCall,27
ERR1438946,SeroCall,19A
ERR1438942,SeroCall,09N
ERR1439369,SeroCall,15B/15C
ERR1438670,SeroCall,08
ERR1439185,SeroCall,15A
ERR1438738,SeroCall,11A
ERR1438979,SeroCall,11A
ERR1440122,SeroCall,03
ERR1439046,SeroCall,19A
ERR1439885,SeroCall,13
ERR1439946,SeroCall,06C
ERR1438961,SeroCall,19A
ERR1439790,SeroCall,35B
ERR1440009,SeroCall,15A
ERR1439958,SeroCall,23B1
ERR1440486,SeroCall,11A
ERR1438955,SeroCall,19A
ERR1440579,SeroCall,33F
ERR1439132,SeroCall,15A
ERR1439393,SeroCall,19F
ERR1438655,SeroCall,22F
ERR1438689,SeroCall,10F
ERR1438717,SeroCall,04
ERR1438913,SeroCall,03
ERR1438881,SeroCall,22F
ERR1438798,SeroCall,48
ERR1439518,SeroCall,19A
ERR1440358,SeroCall,27
ERR1440289,SeroCall,08
ERR1440125,SeroCall,23B
ERR1439979,SeroCall,33A/33F
ERR1439829,SeroCall,01
ERR1439670,SeroCall,19A
ERR1439588,SeroCall,12F
ERR1440666,SeroCall,13
ERR1438992,SeroCall,28A
ERR1439796,SeroCall,19F
ERR1440132,SeroCall,22F
ERR1440182,SeroCall,16F
ERR1439701,SeroCall,15B/15C
ERR1440342,SeroCall,38
ERR1438845,SeroCall,06C
ERR1440276,SeroCall,07B
ERR1438912,SeroCall,11A
ERR1439446,SeroCall,04
ERR1439805,SeroCall,07C
ERR1440274,SeroCall,10F
ERR1439715,SeroCall,19A
ERR1439597,SeroCall,06B
ERR1439573,SeroCall,15A
ERR1439809,SeroCall,23B1
ERR1440105,SeroCall,09N
ERR1440360,SeroCall,09V
ERR1439076,SeroCall,19A
ERR1440564,SeroCall,11A
ERR1440464,SeroCall,38
ERR1440124,SeroCall,07F
ERR1440201,SeroCall,24A/24B/24F
ERR1440520,SeroCall,07F
ERR1438935,SeroCall,06C
ERR1439897,SeroCall,08
ERR1439097,SeroCall,15A
ERR1439107,SeroCall,34
ERR1440041,SeroCall,08
ERR1439734,SeroCall,19A
ERR1440089,SeroCall,08
ERR1439846,SeroCall,01
ERR1438982,SeroCall,19A
ERR1439799,SeroCall,01
ERR1440148,SeroCall,15A
ERR1439816,SeroCall,04
ERR1438998,SeroCall,23B
ERR1438695,SeroCall,18C
ERR1440055,SeroCall,11A
ERR1438801,SeroCall,18F
ERR1440507,SeroCall,38
ERR1438772,SeroCall,23B
ERR1439259,SeroCall,15B/15C
ERR1440225,SeroCall,17F
ERR1440128,SeroCall,22F
ERR1440423,SeroCall,10A
ERR1439880,SeroCall,10B
ERR1438652,SeroCall,19A
ERR1438873,SeroCall,01
ERR1439385,SeroCall,13
ERR1439930,SeroCall,16F
ERR1439013,SeroCall,19A
ERR1438969,SeroCall,19A
ERR1439887,SeroCall,06E(6B)
ERR1439470,SeroCall,12F
ERR1438970,SeroCall,19A
ERR1439327,SeroCall,15A
ERR1440299,SeroCall,12F
ERR1439036,SeroCall,19F
ERR1440589,SeroCall,06D
ERR1440432,SeroCall,14
ERR1440212,SeroCall,19A
ERR1438934,SeroCall,07F
ERR1438903,SeroCall,19A
ERR1439977,SeroCall,09V
ERR1440252,SeroCall,14
ERR1439292,SeroCall,07C
ERR1439320,SeroCall,15A
ERR1439543,SeroCall,08
ERR1440336,SeroCall,18A
ERR1439642,SeroCall,06E(6B)
ERR1439798,SeroCall,18C
ERR1439535,SeroCall,15A
ERR1440352,SeroCall,12A/12B
ERR1439821,SeroCall,34
ERR1440639,SeroCall,27
ERR1439810,SeroCall,04
ERR1439138,SeroCall,35B
ERR1439950,SeroCall,15B/15C
ERR1440232,SeroCall,07A
ERR1440082,SeroCall,19A
ERR1438926,SeroCall,19A
ERR1439888,SeroCall,19A
ERR1439368,SeroCall,15A
ERR1440061,SeroCall,12F
ERR1439163,SeroCall,19A
ERR1440671,SeroCall,23B
ERR1438727,SeroCall,31
ERR1440479,SeroCall,33F
ERR1439135,SeroCall,15A
ERR1440625,SeroCall,27
ERR1439202,SeroCall,13
ERR1439548,SeroCall,09N
ERR1440572,SeroCall,23A
ERR1438645,SeroCall,19A
ERR1440140,SeroCall,16F
ERR1440045,SeroCall,38
ERR1438890,SeroCall,12F
ERR1439217,SeroCall,27
ERR1439248,SeroCall,15A
ERR1440268,SeroCall,06A
ERR1439624,SeroCall,15A
ERR1439391,SeroCall,04
ERR1440673,SeroCall,06C
ERR1439997,SeroCall,12F
ERR1438722,SeroCall,09V
ERR1440234,SeroCall,20
ERR1439457,SeroCall,23F
ERR1439647,SeroCall,22F
ERR1439822,SeroCall,17F
ERR1439419,SeroCall,19F
ERR1440366,SeroCall,13
ERR1439756,SeroCall,19A
ERR1439722,SeroCall,19A
ERR1439975,SeroCall,08
ERR1440195,SeroCall,06B
ERR1440200,SeroCall,14
ERR1439336,SeroCall,15B/15C
ERR1439538,SeroCall,11A
ERR1439602,SeroCall,37
ERR1440616,SeroCall,27
ERR1440335,SeroCall,31
ERR1440491,SeroCall,23A
ERR1439247,SeroCall,23B
ERR1439720,SeroCall,19A
ERR1439114,SeroCall,19A
ERR1438718,SeroCall,22F
ERR1440018,SeroCall,15B/15C
ERR1438728,SeroCall,35B
ERR1439668,SeroCall,19A
ERR1439889,SeroCall,19A
ERR1439732,SeroCall,04
ERR1439932,SeroCall,38
ERR1439747,SeroCall,01
ERR1438651,SeroCall,17F
ERR1439568,SeroCall,12F
ERR1438663,SeroCall,35F
ERR1439232,SeroCall,15A
ERR1439413,SeroCall,35B
ERR1440396,SeroCall,31
ERR1440499,SeroCall,11A
ERR1439488,SeroCall,15A
ERR1440510,SeroCall,33F
ERR1439896,SeroCall,10A
ERR1440238,SeroCall,10A
ERR1440210,SeroCall,21
ERR1438729,SeroCall,21
ERR1440112,SeroCall,35B
ERR1438863,SeroCall,19A
ERR1439179,SeroCall,18A
ERR1439957,SeroCall,15A
ERR1438750,SeroCall,35A
ERR1440270,SeroCall,12F
ERR1439318,SeroCall,15A
ERR1440034,SeroCall,09V
ERR1440648,SeroCall,23B1
ERR1439840,SeroCall,04
ERR1440167,SeroCall,33F
ERR1440407,SeroCall,20
ERR1440138,SeroCall,11A
ERR1440628,SeroCall,13
ERR1440621,SeroCall,07C
ERR1439973,SeroCall,23A
ERR1440035,SeroCall,12F
ERR1439122,SeroCall,19A
ERR1438712,SeroCall,01
ERR1439692,SeroCall,06A
ERR1439397,SeroCall,11A
ERR1438892,SeroCall,03
ERR1439521,SeroCall,01
ERR1439659,SeroCall,18C
ERR1439307,SeroCall,35B
ERR1438988,SeroCall,41F
ERR1439133,SeroCall,19A
ERR1440641,SeroCall,06A
ERR1440574,SeroCall,12F
ERR1440675,SeroCall,23B
ERR1438746,SeroCall,28A
ERR1439517,SeroCall,08
ERR1440667,SeroCall,37
ERR1440555,SeroCall,33A/33F
ERR1440585,SeroCall,12F
ERR1440536,SeroCall,11A
ERR1440550,SeroCall,10A
ERR1440490,SeroCall,17F
ERR1440364,SeroCall,09V
ERR1439746,SeroCall,19A
ERR1440199,SeroCall,08
ERR1439980,SeroCall,08
ERR1439080,SeroCall,19A
ERR1439428,SeroCall,27
ERR1438656,SeroCall,35F
ERR1438644,SeroCall,17F
ERR1440582,SeroCall,09N
ERR1439641,SeroCall,35A
ERR1440339,SeroCall,21
ERR1439873,SeroCall,22F
ERR1439084,SeroCall,15A
ERR1439842,SeroCall,06A
ERR1440282,SeroCall,17F
ERR1440300,SeroCall,18B
ERR1438612,SeroCall,35B
ERR1439012,SeroCall,19A
ERR1439866,SeroCall,19A
ERR1438816,SeroCall,28A
ERR1438848,SeroCall,19A
ERR1440322,SeroCall,21
ERR1440553,SeroCall,12F
ERR1438786,SeroCall,23B1
ERR1440068,SeroCall,23B
ERR1439841,SeroCall,07C
ERR1438752,SeroCall,07C
ERR1439390,SeroCall,09N
ERR1440371,SeroCall,20
ERR1440307,SeroCall,34
ERR1440242,SeroCall,08
ERR1439466,SeroCall,15A
ERR1440502,SeroCall,07F
ERR1438765,SeroCall,07B
ERR1439361,SeroCall,09V
ERR1439284,SeroCall,15A
ERR1439296,SeroCall,15A
ERR1438978,SeroCall,36
ERR1439282,SeroCall,08
ERR1439365,SeroCall,15A
ERR1440253,SeroCall,04
ERR1438660,SeroCall,33F
ERR1438803,SeroCall,09V
ERR1438888,SeroCall,01
ERR1439616,SeroCall,25F
ERR1439023,SeroCall,19F
ERR1438698,SeroCall,20
ERR1440193,SeroCall,23F
ERR1440656,SeroCall,18C
ERR1439741,SeroCall,01
ERR1438908,SeroCall,01
ERR1438834,SeroCall,19A
ERR1440471,SeroCall,27
ERR1439265,SeroCall,09V
ERR1438931,SeroCall,03
ERR1439345,SeroCall,23B
ERR1439955,SeroCall,23A
ERR1439666,SeroCall,06B
ERR1439434,SeroCall,19F
ERR1440033,SeroCall,15A
ERR1439999,SeroCall,20
ERR1439549,SeroCall,06B
ERR1439481,SeroCall,08
ERR1440644,SeroCall,23B1
ERR1440075,SeroCall,07F
ERR1440137,SeroCall,22F
ERR1440630,SeroCall,15A
ERR1439693,SeroCall,19A
ERR1439152,SeroCall,15A
ERR1438795,SeroCall,48
ERR1439003,SeroCall,15A
ERR1440311,SeroCall,20
ERR1439620,SeroCall,27
ERR1439018,SeroCall,19F
ERR1440609,SeroCall,09V
ERR1438923,SeroCall,15B/15C
ERR1440438,SeroCall,11A
ERR1439607,SeroCall,06E(6B)
ERR1439998,SeroCall,35B
ERR1440246,SeroCall,09V
ERR1440094,SeroCall,08
ERR1439328,SeroCall,23F
ERR1438929,SeroCall,07F
ERR1439952,SeroCall,12F
ERR1439629,SeroCall,33F
ERR1439048,SeroCall,15A
ERR1440173,SeroCall,24A/24B/24F
ERR1438887,SeroCall,07F
ERR1439474,SeroCall,08
ERR1439066,SeroCall,19A
ERR1440478,SeroCall,17F
ERR1439513,SeroCall,12F
ERR1439680,SeroCall,11A
ERR1440357,SeroCall,24A/24B/24F
ERR1440567,SeroCall,09N
ERR1440568,SeroCall,09N
ERR1439737,SeroCall,19A
ERR1439778,SeroCall,03
ERR1440044,SeroCall,08
ERR1439797,SeroCall,06B
ERR1439464,SeroCall,23F
ERR1438997,SeroCall,35B
ERR1438800,SeroCall,38
ERR1439082,SeroCall,15A
ERR1439604,SeroCall,06A
ERR1439214,SeroCall,15A
ERR1440030,SeroCall,19A
ERR1439047,SeroCall,15A
ERR1439716,SeroCall,18C
ERR1439467,SeroCall,23B
ERR1440626,SeroCall,18B
ERR1439606,SeroCall,14
ERR1440142,SeroCall,08
ERR1439420,SeroCall,15A
ERR1439375,SeroCall,06C
ERR1439618,SeroCall,06B
ERR1438675,SeroCall,15A
ERR1439225,SeroCall,15A
ERR1439049,SeroCall,19A
ERR1439264,SeroCall,15A
ERR1439861,SeroCall,06E(6B)
ERR1439387,SeroCall,15B/15C
ERR1439421,SeroCall,15A
ERR1440369,SeroCall,10F
ERR1439113,SeroCall,15A
ERR1440444,SeroCall,23A
ERR1440658,SeroCall,15B/15C
ERR1438921,SeroCall,19A
ERR1440197,SeroCall,21
ERR1439657,SeroCall,19A
ERR1439204,SeroCall,19A
ERR1439767,SeroCall,18C
ERR1440467,SeroCall,33F
ERR1438621,SeroCall,35F
ERR1440620,SeroCall,06A
ERR1440001,SeroCall,12F
ERR1439089,SeroCall,19A
ERR1439833,SeroCall,23B1
ERR1440348,SeroCall,31
ERR1438697,SeroCall,19A
ERR1438779,SeroCall,23B1
ERR1440542,SeroCall,09N
ERR1438973,SeroCall,19A
ERR1440649,SeroCall,04
ERR1439865,SeroCall,07F
ERR1440310,SeroCall,20
ERR1439144,SeroCall,19A
ERR1439052,SeroCall,15A
ERR1439281,SeroCall,15A
ERR1439146,SeroCall,15A
ERR1439208,SeroCall,15A
ERR1438894,SeroCall,33F
ERR1440635,SeroCall,15B/15C
ERR1439554,SeroCall,09V
ERR1440477,SeroCall,20
ERR1438674,SeroCall,23A
ERR1439351,SeroCall,15B/15C
ERR1439438,SeroCall,15B/15C
ERR1439262,SeroCall,24A/24B/24F
ERR1438624,SeroCall,23A
ERR1439024,SeroCall,35B
ERR1438938,SeroCall,07F
ERR1439859,SeroCall,09A
ERR1438868,SeroCall,06A
ERR1438633,SeroCall,19F
ERR1440198,SeroCall,20
ERR1440306,SeroCall,06E(6B)
ERR1439198,SeroCall,19A
ERR1439594,SeroCall,33F
ERR1440172,SeroCall,24A/24B/24F
ERR1440566,SeroCall,19F
ERR1439788,SeroCall,04
ERR1439435,SeroCall,23A
ERR1438999,SeroCall,29
ERR1438893,SeroCall,19A
ERR1440000,SeroCall,15A
ERR1440359,SeroCall,19A
ERR1438889,SeroCall,19A
ERR1440578,SeroCall,06E(6B)
ERR1440541,SeroCall,11A
ERR1439739,SeroCall,06A
ERR1439158,SeroCall,19A
ERR1440333,SeroCall,29
ERR1439499,SeroCall,35F
ERR1440071,SeroCall,19A
ERR1439935,SeroCall,10A
ERR1439915,SeroCall,08
ERR1438721,SeroCall,08
ERR1439691,SeroCall,23F
ERR1440650,SeroCall,18C
ERR1440549,SeroCall,09N
ERR1439485,SeroCall,08
ERR1438640,SeroCall,23B1
ERR1439166,SeroCall,19A
ERR1439348,SeroCall,15A
ERR1439109,SeroCall,15A
ERR1438785,SeroCall,23B1
ERR1439300,SeroCall,14
ERR1439883,SeroCall,17F
ERR1438733,SeroCall,38
ERR1439933,SeroCall,08
ERR1439570,SeroCall,12F
ERR1439461,SeroCall,18A
ERR1440028,SeroCall,15A
ERR1440255,SeroCall,12F
ERR1440548,SeroCall,11A
ERR1439595,SeroCall,10B
ERR1438911,SeroCall,08
ERR1439551,SeroCall,15A
ERR1439098,SeroCall,19A
ERR1440615,SeroCall,14
ERR1440575,SeroCall,24A/24B/24F
ERR1439776,SeroCall,21
ERR1439338,SeroCall,15A
ERR1439772,SeroCall,06B
ERR1440271,SeroCall,31
ERR1439212,SeroCall,18C
ERR1440531,SeroCall,03
ERR1439418,SeroCall,15B/15C
ERR1440229,SeroCall,01
ERR1440256,SeroCall,06A
ERR1440073,SeroCall,03
ERR1440481,SeroCall,33A
ERR1439331,SeroCall,FAILED
ERR1438693,SeroCall,15B/15C
ERR1439520,SeroCall,15A
ERR1439401,SeroCall,FAILED
ERR1439189,SeroCall,15A
ERR1438943,SeroCall,19A
ERR1439409,SeroCall,15B/15C
ERR1440410,SeroCall,31
ERR1440498,SeroCall,23F
ERR1439757,SeroCall,01
ERR1440403,SeroCall,20
ERR1440547,SeroCall,09N
ERR1440447,SeroCall,19F
ERR1440476,SeroCall,33F
ERR1439476,SeroCall,12F
ERR1439424,SeroCall,09N
ERR1439010,SeroCall,FAILED
ERR1440207,SeroCall,17F
ERR1438821,SeroCall,19A
ERR1440554,SeroCall,10A
ERR1440516,SeroCall,33A/33F
ERR1439161,SeroCall,19A
ERR1439275,SeroCall,10A
ERR1439167,SeroCall,15A
ERR1440072,SeroCall,12F
ERR1439029,SeroCall,35B
ERR1439042,SeroCall,07B
ERR1439578,SeroCall,37
ERR1439631,SeroCall,09V
ERR1439180,SeroCall,06E(6B)
ERR1439712,SeroCall,34
ERR1440258,SeroCall,15B/15C
ERR1438641,SeroCall,11A
ERR1438883,SeroCall,19A
ERR1439981,SeroCall,12F
ERR1439949,SeroCall,24A/24B/24F
ERR1439022,SeroCall,23A
ERR1439017,SeroCall,19F
ERR1440095,SeroCall,07B
ERR1440633,SeroCall,15A
ERR1440158,SeroCall,19A
ERR1440395,SeroCall,10A
ERR1440251,SeroCall,01
ERR1439471,SeroCall,14
ERR1440101,SeroCall,03
ERR1440194,SeroCall,04
ERR1439030,SeroCall,19A
ERR1438649,SeroCall,33F
ERR1439742,SeroCall,19A
ERR1439176,SeroCall,19A
ERR1440313,SeroCall,24A/24B/24F
ERR1439886,SeroCall,20
ERR1439596,SeroCall,19A
ERR1439696,SeroCall,19A
ERR1439826,SeroCall,01
ERR1440492,SeroCall,16F
ERR1438736,SeroCall,31
ERR1439224,SeroCall,19A
ERR1440196,SeroCall,13
ERR1439092,SeroCall,07F
ERR1440111,SeroCall,03
ERR1440171,SeroCall,08
ERR1440513,SeroCall,23A
ERR1439892,SeroCall,08
ERR1439273,SeroCall,15B/15C
ERR1439673,SeroCall,06A
ERR1438953,SeroCall,19A
ERR1438814,SeroCall,35B
ERR1439755,SeroCall,23F
ERR1438916,SeroCall,21
ERR1440127,SeroCall,15A
ERR1440386,SeroCall,09V
ERR1440409,SeroCall,10A
ERR1438980,SeroCall,19A
ERR1439352,SeroCall,33F
ERR1440368,SeroCall,20
ERR1439423,SeroCall,15A
ERR1440247,SeroCall,14
ERR1439174,SeroCall,15B/15C
ERR1439120,SeroCall,15A
ERR1439441,SeroCall,14
ERR1439450,SeroCall,09V
ERR1438726,SeroCall,38
ERR1439801,SeroCall,10F
ERR1440259,SeroCall,22F
ERR1438634,SeroCall,19F
ERR1439121,SeroCall,09A
ERR1439761,SeroCall,18C
ERR1439635,SeroCall,10F
ERR1440665,SeroCall,18C
ERR1438841,SeroCall,09N
ERR1439236,SeroCall,04
ERR1439884,SeroCall,17F
ERR1440014,SeroCall,19A
ERR1439700,SeroCall,37
ERR1440398,SeroCall,10A
ERR1440174,SeroCall,15A
ERR1438776,SeroCall,23B1
ERR1439536,SeroCall,05
ERR1439222,SeroCall,19A
ERR1439501,SeroCall,35F
ERR1439891,SeroCall,06A
ERR1439613,SeroCall,34
ERR1439802,SeroCall,01
ERR1439640,SeroCall,18C
ERR1439002,SeroCall,15A
ERR1439157,SeroCall,14
ERR1439638,SeroCall,33D
ERR1440390,SeroCall,11A
ERR1440443,SeroCall,11A
ERR1439483,SeroCall,19A
ERR1439878,SeroCall,05
ERR1440004,SeroCall,12F
ERR1438739,SeroCall,06B
ERR1440296,SeroCall,03
ERR1440204,SeroCall,06C
ERR1439443,SeroCall,35B
ERR1438677,SeroCall,19F
ERR1440046,SeroCall,19F
ERR1439674,SeroCall,19A
ERR1438740,SeroCall,11A
ERR1439145,SeroCall,19A
ERR1439993,SeroCall,15A
ERR1438919,SeroCall,33F
ERR1440319,SeroCall,06B
ERR1439412,SeroCall,15A
ERR1439961,SeroCall,01
ERR1439359,SeroCall,15A
ERR1440495,SeroCall,23A
ERR1438642,SeroCall,19A
ERR1438826,SeroCall,19A
ERR1439431,SeroCall,15A
ERR1440120,SeroCall,22F
ERR1440612,SeroCall,18C
ERR1439764,SeroCall,07C
ERR1439825,SeroCall,10F
ERR1439452,SeroCall,35B
ERR1439061,SeroCall,23F
ERR1440301,SeroCall,15A
ERR1440590,SeroCall,20
ERR1440056,SeroCall,22F
ERR1439817,SeroCall,09V
ERR1440151,SeroCall,19F
ERR1440027,SeroCall,20
ERR1440231,SeroCall,10B
ERR1440165,SeroCall,23A
ERR1439726,SeroCall,13
ERR1439252,SeroCall,19A
ERR1439894,SeroCall,09N
ERR1440646,SeroCall,18B
ERR1439655,SeroCall,19A
ERR1440065,SeroCall,08
ERR1439619,SeroCall,23F
ERR1440303,SeroCall,09V
ERR1440129,SeroCall,09N
ERR1438871,SeroCall,15B/15C
ERR1440668,SeroCall,35B
ERR1439389,SeroCall,06E(6B)
ERR1440178,SeroCall,09N
ERR1438917,SeroCall,12F
ERR1440640,SeroCall,15B/15C
ERR1439502,SeroCall,03
ERR1438866,SeroCall,39
ERR1439532,SeroCall,06C
ERR1438720,SeroCall,20
ERR1438967,SeroCall,19A
ERR1439060,SeroCall,15A
ERR1439510,SeroCall,19F
ERR1439070,SeroCall,15A
ERR1439990,SeroCall,03
ERR1439276,SeroCall,15A
ERR1439170,SeroCall,15A
ERR1440482,SeroCall,23A
ERR1440421,SeroCall,10A
ERR1439926,SeroCall,12F
ERR1439750,SeroCall,35A
ERR1439315,SeroCall,35B
ERR1439398,SeroCall,15A
ERR1440508,SeroCall,31
ERR1438629,SeroCall,22F
ERR1440424,SeroCall,10A
ERR1439037,SeroCall,17F
ERR1439304,SeroCall,15A
ERR1439748,SeroCall,06E(6B)
ERR1439410,SeroCall,11A
ERR1439649,SeroCall,19A
ERR1439287,SeroCall,07C
ERR1439964,SeroCall,19A
ERR1440117,SeroCall,03
ERR1439636,SeroCall,23F
ERR1439148,SeroCall,18C
ERR1439605,SeroCall,37
ERR1439835,SeroCall,05
ERR1438993,SeroCall,22F
ERR1439743,SeroCall,01
ERR1439360,SeroCall,04
ERR1438906,SeroCall,22F
ERR1440285,SeroCall,22F
ERR1440145,SeroCall,23B
ERR1439800,SeroCall,06A
ERR1439736,SeroCall,34
ERR1439684,SeroCall,14
ERR1439875,SeroCall,20
ERR1440509,SeroCall,16F
ERR1439045,SeroCall,15A
ERR1439627,SeroCall,06A
ERR1440077,SeroCall,22F
ERR1438766,SeroCall,10B
ERR1440022,SeroCall,08
ERR1439731,SeroCall,19A
ERR1439314,SeroCall,35B
ERR1440418,SeroCall,35B
ERR1439191,SeroCall,19A
ERR1439123,SeroCall,15A
ERR1440119,SeroCall,08
ERR1440655,SeroCall,06A
ERR1439971,SeroCall,19A
ERR1440341,SeroCall,06E(6B)
ERR1440162,SeroCall,08
ERR1440168,SeroCall,09N
ERR1440539,SeroCall,19F
ERR1440083,SeroCall,08
ERR1438763,SeroCall,07B
ERR1439388,SeroCall,15A
ERR1439650,SeroCall,35B
ERR1439234,SeroCall,19A
ERR1440653,SeroCall,15A
ERR1439077,SeroCall,15A
ERR1438867,SeroCall,06C
ERR1440613,SeroCall,27
ERR1440591,SeroCall,23B
ERR1439685,SeroCall,09V
ERR1440078,SeroCall,08
ERR1438668,SeroCall,23A
ERR1439297,SeroCall,15B/15C
ERR1438706,SeroCall,24A/24B/24F
ERR1439525,SeroCall,11A
ERR1438688,SeroCall,09V
ERR1439085,SeroCall,34
ERR1438809,SeroCall,38
ERR1438811,SeroCall,48
ERR1439051,SeroCall,19F
ERR1439503,SeroCall,19A
ERR1438854,SeroCall,21
ERR1440599,SeroCall,14
ERR1439154,SeroCall,15B/15C
ERR1439065,SeroCall,19A
ERR1439628,SeroCall,11A
ERR1439550,SeroCall,12F
ERR1439836,SeroCall,04
ERR1440054,SeroCall,11A
ERR1438630,SeroCall,11A
ERR1439159,SeroCall,09V
ERR1439707,SeroCall,19A
ERR1440448,SeroCall,33F
ERR1439028,SeroCall,35B
ERR1438947,SeroCall,19A
ERR1440349,SeroCall,38
ERR1440462,SeroCall,23A
ERR1440011,SeroCall,23A
ERR1439182,SeroCall,19F
ERR1440087,SeroCall,15A
ERR1440023,SeroCall,03
ERR1440416,SeroCall,17F
ERR1439654,SeroCall,23F
ERR1440588,SeroCall,03
ERR1440439,SeroCall,34
ERR1440058,SeroCall,19F
ERR1440489,SeroCall,17F
ERR1440468,SeroCall,33A/33F
ERR1439350,SeroCall,03
ERR1439531,SeroCall,22F
ERR1439789,SeroCall,06E(6B)
ERR1440400,SeroCall,10A
ERR1439646,SeroCall,19A
ERR1439534,SeroCall,08
ERR1439014,SeroCall,14
ERR1440627,SeroCall,05
ERR1440647,SeroCall,23B
ERR1438753,SeroCall,35B
ERR1439815,SeroCall,04
ERR1440614,SeroCall,15B/15C
ERR1439183,SeroCall,15A
ERR1439285,SeroCall,06A
ERR1440248,SeroCall,20
ERR1439169,SeroCall,24A/24B/24F
ERR1440501,SeroCall,07F
ERR1440487,SeroCall,33F
ERR1439257,SeroCall,15A
ERR1439633,SeroCall,19A
ERR1440081,SeroCall,16F
ERR1439514,SeroCall,24A/24B/24F
ERR1439353,SeroCall,15A
ERR1438694,SeroCall,17F
ERR1439504,SeroCall,24A/24B/24F
ERR1438623,SeroCall,24A/24B/24F
ERR1438985,SeroCall,42
ERR1439587,SeroCall,14
ERR1440180,SeroCall,08
ERR1439270,SeroCall,15B/15C
ERR1440475,SeroCall,20
ERR1440377,SeroCall,01
ERR1439444,SeroCall,10F
ERR1438654,SeroCall,23B
ERR1438850,SeroCall,19A
ERR1439312,SeroCall,15A
ERR1439280,SeroCall,28A
ERR1440190,SeroCall,15A
ERR1440021,SeroCall,08
ERR1439255,SeroCall,19A
ERR1439899,SeroCall,38
ERR1439511,SeroCall,03
ERR1439417,SeroCall,15B/15C
ERR1439088,SeroCall,19A
ERR1440485,SeroCall,11A
ERR1439940,SeroCall,24A/24B/24F
ERR1438614,SeroCall,33F
ERR1439907,SeroCall,12F
ERR1439505,SeroCall,24A/24B/24F
ERR1439286,SeroCall,15A
ERR1439656,SeroCall,19A
ERR1439242,SeroCall,19F
ERR1440235,SeroCall,27
ERR1438981,SeroCall,19A
ERR1438780,SeroCall,23B1
ERR1438620,SeroCall,23B1
ERR1438704,SeroCall,03
ERR1439938,SeroCall,08
ERR1439828,SeroCall,06A
ERR1439806,SeroCall,35F
ERR1439609,SeroCall,12F
ERR1439103,SeroCall,15A
ERR1439245,SeroCall,19A
ERR1440327,SeroCall,20
ERR1439069,SeroCall,15A
ERR1440130,SeroCall,33F
ERR1439575,SeroCall,23F
ERR1439556,SeroCall,10F
ERR1439689,SeroCall,34
ERR1438986,SeroCall,35B
ERR1439893,SeroCall,23B1
ERR1439947,SeroCall,22F
ERR1440623,SeroCall,18C
ERR1440020,SeroCall,06C
ERR1440043,SeroCall,08
ERR1439193,SeroCall,15A
ERR1440131,SeroCall,08
ERR1439278,SeroCall,35B
ERR1439370,SeroCall,15B/15C
ERR1439754,SeroCall,01
ERR1438716,SeroCall,35F
ERR1440558,SeroCall,10A
ERR1440209,SeroCall,09V
ERR1438804,SeroCall,09V
ERR1438991,SeroCall,29
ERR1439773,SeroCall,04
ERR1438676,SeroCall,31
ERR1439857,SeroCall,06E(6B)
ERR1440544,SeroCall,10A
ERR1440660,SeroCall,06A
ERR1439475,SeroCall,12F
ERR1438745,SeroCall,24A/24B/24F
ERR1440441,SeroCall,35B
ERR1440461,SeroCall,33F
ERR1440312,SeroCall,04
ERR1440187,SeroCall,22F
ERR1438899,SeroCall,22F
ERR1440107,SeroCall,03
ERR1438734,SeroCall,35B
ERR1438678,SeroCall,23B1
ERR1439231,SeroCall,15B/15C
ERR1438691,SeroCall,12F
ERR1440420,SeroCall,23A
ERR1438966,SeroCall,19A
ERR1439219,SeroCall,15A
ERR1439937,SeroCall,22F
ERR1439845,SeroCall,10F
ERR1438927,SeroCall,07F
ERR1438836,SeroCall,12F
ERR1440110,SeroCall,07F
ERR1439506,SeroCall,09N
ERR1439149,SeroCall,19A
ERR1439704,SeroCall,04
ERR1439196,SeroCall,06C
ERR1440052,SeroCall,12F
ERR1440586,SeroCall,12F
ERR1439367,SeroCall,06A
ERR1440343,SeroCall,04
ERR1440063,SeroCall,19A
ERR1439544,SeroCall,13
ERR1439263,SeroCall,24A/24B/24F
ERR1439439,SeroCall,15B/15C
ERR1439096,SeroCall,11B
ERR1440016,SeroCall,08
ERR1439000,SeroCall,35B
ERR1440523,SeroCall,33F
ERR1439665,SeroCall,14
ERR1440202,SeroCall,20
ERR1440565,SeroCall,35F
ERR1439988,SeroCall,07F
ERR1440563,SeroCall,07F
ERR1439100,SeroCall,06E(6B)
ERR1439201,SeroCall,19A
ERR1439408,SeroCall,15B/15C
ERR1438822,SeroCall,19A
ERR1439769,SeroCall,19A
ERR1439760,SeroCall,01
ERR1439006,SeroCall,15A
ERR1439603,SeroCall,06E(6B)
ERR1439852,SeroCall,20
ERR1440092,SeroCall,15A
ERR1439405,SeroCall,33F
ERR1440250,SeroCall,06A
ERR1440102,SeroCall,09N
ERR1438949,SeroCall,19A
ERR1439682,SeroCall,09A
ERR1438846,SeroCall,19A
ERR1439295,SeroCall,15B/15C
ERR1438639,SeroCall,12F
ERR1439357,SeroCall,19A
ERR1440552,SeroCall,33F
ERR1439848,SeroCall,10B
ERR1438874,SeroCall,33F
ERR1438711,SeroCall,19A
ERR1438793,SeroCall,18F
ERR1439426,SeroCall,27
ERR1439948,SeroCall,03
ERR1439110,SeroCall,18C
ERR1438972,SeroCall,19A
ERR1438719,SeroCall,18C
ERR1440292,SeroCall,33A/33F
ERR1439188,SeroCall,10B
ERR1439177,SeroCall,15B/15C
ERR1439062,SeroCall,15A
ERR1439227,SeroCall,15B/15C
ERR1439652,SeroCall,19A
ERR1440661,SeroCall,15B/15C
ERR1440672,SeroCall,23B
ERR1439038,SeroCall,18C
ERR1440206,SeroCall,20
ERR1440109,SeroCall,17F
ERR1439150,SeroCall,15A
ERR1439322,SeroCall,15A
ERR1439142,SeroCall,15A
ERR1440135,SeroCall,11A
ERR1439916,SeroCall,12F
ERR1438682,SeroCall,07F
ERR1440059,SeroCall,07F
ERR1439838,SeroCall,04
ERR1439941,SeroCall,23B
ERR1439738,SeroCall,01
ERR1438837,SeroCall,22F
ERR1438747,SeroCall,33B
ERR1438905,SeroCall,19A
ERR1439021,SeroCall,FAILED
ERR1440264,SeroCall,08
ERR1439795,SeroCall,01
ERR1440419,SeroCall,20
ERR1440293,SeroCall,24A/24B/24F
ERR1439415,SeroCall,15A
ERR1440373,SeroCall,10A
ERR1439269,SeroCall,15A
ERR1440355,SeroCall,31
ERR1439807,SeroCall,23A
ERR1439344,SeroCall,06C
ERR1439451,SeroCall,11F
ERR1440569,SeroCall,33F
ERR1440233,SeroCall,28A
ERR1439598,SeroCall,27
ERR1440526,SeroCall,24A/24B/24F
ERR1439976,SeroCall,19A
ERR1440372,SeroCall,31
ERR1439676,SeroCall,09V
ERR1440394,SeroCall,11A
ERR1440619,SeroCall,14
ERR1439317,SeroCall,15B/15C
ERR1440399,SeroCall,11A
ERR1438730,SeroCall,34
ERR1439448,SeroCall,06E(6B)
ERR1439134,SeroCall,19A
ERR1440522,SeroCall,24A/24B/24F
ERR1439960,SeroCall,15A
ERR1439308,SeroCall,15B/15C
ERR1439305,SeroCall,15A
ERR1439256,SeroCall,15A
ERR1439237,SeroCall,15B/15C
ERR1439116,SeroCall,15A
ERR1439040,SeroCall,11F
ERR1439898,SeroCall,16F
ERR1438743,SeroCall,16F
ERR1439830,SeroCall,01
ERR1440455,SeroCall,10A
ERR1438653,SeroCall,38
ERR1439759,SeroCall,19A
ERR1439008,SeroCall,19A
ERR1438628,SeroCall,19A
ERR1439574,SeroCall,14
ERR1439783,SeroCall,05
ERR1439362,SeroCall,34
ERR1439672,SeroCall,19A
ERR1439032,SeroCall,35B
ERR1440126,SeroCall,12F
ERR1439612,SeroCall,23F
ERR1439233,SeroCall,15A
ERR1438827,SeroCall,19A
ERR1439562,SeroCall,35B
ERR1439371,SeroCall,19F
ERR1439478,SeroCall,22F
ERR1440287,SeroCall,35F
ERR1440430,SeroCall,17F
ERR1439009,SeroCall,19F
ERR1439762,SeroCall,06A
ERR1438619,SeroCall,19A
ERR1439967,SeroCall,23B1
ERR1438616,SeroCall,22F
ERR1439210,SeroCall,18C
ERR1439324,SeroCall,15A
ERR1440351,SeroCall,19F
ERR1439319,SeroCall,15A
ERR1439725,SeroCall,14
ERR1440243,SeroCall,09N
ERR1440445,SeroCall,31
ERR1438844,SeroCall,06C
ERR1440262,SeroCall,07F
ERR1440664,SeroCall,27
ERR1438748,SeroCall,33C
ERR1439354,SeroCall,15B/15C
ERR1439033,SeroCall,19A
ERR1438932,SeroCall,33F
ERR1439480,SeroCall,37
ERR1439918,SeroCall,09N
ERR1440519,SeroCall,16F
ERR1440678,SeroCall,05
ERR1439289,SeroCall,15B/15C
ERR1439493,SeroCall,22F
ERR1439220,SeroCall,15A
ERR1440561,SeroCall,09N
ERR1439579,SeroCall,31
ERR1439718,SeroCall,06E(6B)
ERR1439492,SeroCall,22F
ERR1439395,SeroCall,15B/15C
ERR1439557,SeroCall,15A
ERR1438862,SeroCall,06A
ERR1440146,SeroCall,23B1
ERR1439615,SeroCall,FAILED
ERR1439378,SeroCall,24A/24B/24F
ERR1439714,SeroCall,34
ERR1439912,SeroCall,08
ERR1440560,SeroCall,12F
ERR1440365,SeroCall,20
ERR1439238,SeroCall,15A
ERR1440133,SeroCall,23B
ERR1440577,SeroCall,12F
ERR1439991,SeroCall,16F
ERR1439140,SeroCall,19A
ERR1439608,SeroCall,37
ERR1439785,SeroCall,06A
ERR1440017,SeroCall,15A
ERR1439611,SeroCall,18C
ERR1440401,SeroCall,11A
ERR1439987,SeroCall,03
ERR1439171,SeroCall,14
ERR1439164,SeroCall,19A
ERR1440179,SeroCall,10A
ERR1439968,SeroCall,08
ERR1439812,SeroCall,17F
ERR1440428,SeroCall,11A
ERR1439895,SeroCall,19A
ERR1439690,SeroCall,14
ERR1440141,SeroCall,23A
ERR1438994,SeroCall,29
ERR1439698,SeroCall,14
ERR1439870,SeroCall,23F
ERR1438671,SeroCall,12F
ERR1439908,SeroCall,37
ERR1439811,SeroCall,04
ERR1439469,SeroCall,15A
ERR1439771,SeroCall,19A
ERR1438732,SeroCall,39
ERR1440543,SeroCall,09N
ERR1440337,SeroCall,17F
ERR1438761,SeroCall,06A
ERR1439453,SeroCall,09V
ERR1440645,SeroCall,23B
ERR1440382,SeroCall,23F
ERR1439437,SeroCall,09V
ERR1440297,SeroCall,33F
ERR1440279,SeroCall,33A
ERR1440237,SeroCall,03
ERR1438807,SeroCall,24A/24B/24F
ERR1439526,SeroCall,19A
ERR1438858,SeroCall,19A
ERR1440457,SeroCall,24A/24B/24F
ERR1438685,SeroCall,07C
ERR1439268,SeroCall,15B/15C
ERR1439153,SeroCall,19A
ERR1440406,SeroCall,35B
ERR1439614,SeroCall,14
ERR1439868,SeroCall,35B
ERR1439516,SeroCall,19F
ERR1438687,SeroCall,09N
ERR1438759,SeroCall,06C
ERR1440538,SeroCall,07F
ERR1439903,SeroCall,22F
ERR1440606,SeroCall,09V
ERR1439111,SeroCall,15B/15C
ERR1438974,SeroCall,19A
ERR1439005,SeroCall,FAILED
ERR1440679,SeroCall,29
ERR1439007,SeroCall,19A
ERR1439258,SeroCall,15A
ERR1439909,SeroCall,08
ERR1439099,SeroCall,19A
ERR1438662,SeroCall,33F
ERR1439560,SeroCall,15A
ERR1439584,SeroCall,09V
ERR1438959,SeroCall,19A
ERR1440085,SeroCall,09N
ERR1439241,SeroCall,18C
ERR1439634,SeroCall,23A
ERR1440652,SeroCall,15B/15C
ERR1439545,SeroCall,19A
ERR1440356,SeroCall,17F
ERR1438855,SeroCall,19A
ERR1440515,SeroCall,17F
ERR1439591,SeroCall,12F
ERR1439622,SeroCall,18A
ERR1440472,SeroCall,11A
ERR1440294,SeroCall,09V
ERR1439970,SeroCall,15A
ERR1438864,SeroCall,19A
ERR1438956,SeroCall,19A
ERR1440497,SeroCall,07F
ERR1439192,SeroCall,19A
ERR1439386,SeroCall,06E(6B)
ERR1439422,SeroCall,04
ERR1439118,SeroCall,FAILED
ERR1440484,SeroCall,01
ERR1439311,SeroCall,15A
ERR1438802,SeroCall,09V
ERR1440269,SeroCall,08
ERR1439661,SeroCall,18C
ERR1439881,SeroCall,20
ERR1439043,SeroCall,19A
ERR1439059,SeroCall,FAILED
ERR1439484,SeroCall,19A
ERR1439590,SeroCall,06A
ERR1440184,SeroCall,22F
ERR1439695,SeroCall,19A
ERR1439347,SeroCall,11A
ERR1440317,SeroCall,17F
ERR1439717,SeroCall,18B
ERR1438625,SeroCall,23B1
ERR1439379,SeroCall,15A
ERR1438907,SeroCall,06C
ERR1439724,SeroCall,15B/15C
ERR1440088,SeroCall,19A
ERR1440067,SeroCall,08
ERR1439025,SeroCall,15A
ERR1440380,SeroCall,35F
ERR1439416,SeroCall,13
ERR1438909,SeroCall,33A/33F
ERR1440514,SeroCall,16F
ERR1440244,SeroCall,04
ERR1439653,SeroCall,19A
ERR1438702,SeroCall,01
ERR1439131,SeroCall,15A
ERR1439447,SeroCall,15A
ERR1439662,SeroCall,04
ERR1439137,SeroCall,24A/24B/24F
ERR1438928,SeroCall,19A
ERR1439786,SeroCall,09V
ERR1438701,SeroCall,15B/15C
ERR1439020,SeroCall,FAILED
ERR1440422,SeroCall,10F
ERR1439703,SeroCall,19A
ERR1439496,SeroCall,08
ERR1438996,SeroCall,15B/15C
ERR1439253,SeroCall,23F
ERR1439436,SeroCall,15B/15C
ERR1439813,SeroCall,09V
ERR1440108,SeroCall,22F
ERR1440226,SeroCall,07F
ERR1439843,SeroCall,06A
ERR1439221,SeroCall,04
ERR1440050,SeroCall,35B
ERR1440304,SeroCall,07F
ERR1439015,SeroCall,FAILED
ERR1439706,SeroCall,09V
ERR1439173,SeroCall,06A
ERR1439854,SeroCall,17F
ERR1438626,SeroCall,16F
ERR1440220,SeroCall,15A
ERR1439965,SeroCall,06C
ERR1440272,SeroCall,08
ERR1440363,SeroCall,18C
ERR1439091,SeroCall,15A
ERR1439547,SeroCall,24A/24B/24F
ERR1439343,SeroCall,06B
ERR1440584,SeroCall,24A/24B/24F
ERR1438879,SeroCall,20
ERR1440392,SeroCall,31
ERR1439768,SeroCall,06A
ERR1440069,SeroCall,23B
ERR1440208,SeroCall,17F
ERR1439581,SeroCall,15B/15C
ERR1440245,SeroCall,18C
ERR1440015,SeroCall,07F
ERR1439863,SeroCall,07F
ERR1438910,SeroCall,11A
ERR1439115,SeroCall,19A
ERR1438650,SeroCall,19F
ERR1438666,SeroCall,38
ERR1440147,SeroCall,15A
ERR1438833,SeroCall,19A
ERR1439079,SeroCall,15A
ERR1439874,SeroCall,01
ERR1439277,SeroCall,15B/15C
ERR1438657,SeroCall,07B
ERR1440412,SeroCall,23A
ERR1439945,SeroCall,15A
ERR1439261,SeroCall,23F
ERR1439156,SeroCall,19A
ERR1440149,SeroCall,35B
ERR1438635,SeroCall,24A/24B/24F
ERR1440155,SeroCall,03
ERR1440029,SeroCall,17F
ERR1438954,SeroCall,19A
ERR1439850,SeroCall,01
ERR1440624,SeroCall,06A
ERR1440066,SeroCall,33F
ERR1440474,SeroCall,31
ERR1439206,SeroCall,19A
ERR1440266,SeroCall,03
ERR1439709,SeroCall,19A
ERR1439151,SeroCall,15A
ERR1439240,SeroCall,15A
ERR1439962,SeroCall,03
ERR1438646,SeroCall,19A
ERR1438960,SeroCall,19A
ERR1440062,SeroCall,22F
ERR1440587,SeroCall,03
ERR1439671,SeroCall,23F
ERR1440595,SeroCall,33F
ERR1439943,SeroCall,16F
ERR1438987,SeroCall,02
ERR1439373,SeroCall,12F
ERR1439139,SeroCall,15A
ERR1440521,SeroCall,11A
ERR1440642,SeroCall,23B
ERR1438963,SeroCall,19A
ERR1440654,SeroCall,15A
ERR1439956,SeroCall,15A
ERR1438690,SeroCall,10A
ERR1438636,SeroCall,15B/15C
ERR1440086,SeroCall,08
ERR1440600,SeroCall,18C
ERR1440320,SeroCall,31
ERR1439162,SeroCall,15A
ERR1440583,SeroCall,03
ERR1438767,SeroCall,19F
ERR1440113,SeroCall,22F
ERR1440263,SeroCall,10A
ERR1439384,SeroCall,15A
ERR1439710,SeroCall,09V
ERR1439925,SeroCall,15A
ERR1438831,SeroCall,19A
ERR1439473,SeroCall,22F
ERR1440143,SeroCall,15A
ERR1438638,SeroCall,19A
ERR1440037,SeroCall,08
ERR1440213,SeroCall,20
ERR1439699,SeroCall,19A
ERR1440473,SeroCall,35F
ERR1438735,SeroCall,41A
ERR1439086,SeroCall,15A
ERR1439187,SeroCall,19A
ERR1439266,SeroCall,19F
ERR1439920,SeroCall,08
ERR1438819,SeroCall,18C
ERR1440163,SeroCall,23B1
ERR1439460,SeroCall,06B
ERR1438950,SeroCall,19A
ERR1438715,SeroCall,12F
ERR1438788,SeroCall,23B
ERR1438775,SeroCall,23B1
ERR1440594,SeroCall,23B
ERR1439996,SeroCall,08
ERR1438731,SeroCall,23A
ERR1439860,SeroCall,23B1
ERR1439129,SeroCall,15A
ERR1439041,SeroCall,15A
ERR1439490,SeroCall,24A/24B/24F
ERR1440451,SeroCall,21
ERR1440559,SeroCall,33F
ERR1440470,SeroCall,20
ERR1439959,SeroCall,15A
ERR1438791,SeroCall,03
ERR1438861,SeroCall,27
ERR1440175,SeroCall,19A
ERR1438622,SeroCall,33F
ERR1438723,SeroCall,03
ERR1440170,SeroCall,22F
ERR1439027,SeroCall,FAILED
ERR1439094,SeroCall,15A
ERR1439216,SeroCall,19A
ERR1440632,SeroCall,15A
ERR1438872,SeroCall,09N
ERR1438760,SeroCall,06D
ERR1439337,SeroCall,15B/15C
ERR1439523,SeroCall,15A
ERR1439713,SeroCall,06A
ERR1438672,SeroCall,24A/24B/24F
ERR1439301,SeroCall,15A
ERR1440411,SeroCall,23A
ERR1439708,SeroCall,23F
ERR1439500,SeroCall,22F
ERR1440051,SeroCall,19F
ERR1438895,SeroCall,33A/33F
ERR1438810,SeroCall,31
ERR1439721,SeroCall,18B
ERR1439583,SeroCall,12F
ERR1439994,SeroCall,35F
ERR1440469,SeroCall,04
ERR1438983,SeroCall,22F
ERR1440551,SeroCall,03
ERR1440002,SeroCall,19A
ERR1438857,SeroCall,09V
ERR1438724,SeroCall,14
ERR1439186,SeroCall,06A
ERR1440318,SeroCall,20
ERR1438920,SeroCall,11A
ERR1440573,SeroCall,16F
ERR1440557,SeroCall,12F
ERR1440389,SeroCall,19F
ERR1439178,SeroCall,19A
ERR1439306,SeroCall,15A
ERR1439984,SeroCall,19A
ERR1438951,SeroCall,19A
ERR1439794,SeroCall,12F
ERR1438813,SeroCall,18F
ERR1440662,SeroCall,27
ERR1439775,SeroCall,19A
ERR1440375,SeroCall,10A
ERR1439358,SeroCall,23F
ERR1440436,SeroCall,17F
ERR1439567,SeroCall,04
ERR1440070,SeroCall,12F
ERR1439911,SeroCall,10A
ERR1439333,SeroCall,15A
ERR1439832,SeroCall,04
ERR1440036,SeroCall,35F
ERR1438784,SeroCall,23B1
ERR1439404,SeroCall,15B/15C
ERR1439942,SeroCall,10A
ERR1439834,SeroCall,23B1
ERR1439922,SeroCall,09N
ERR1438742,SeroCall,06C
ERR1439730,SeroCall,19A
ERR1440106,SeroCall,19A
ERR1440007,SeroCall,15A
ERR1440414,SeroCall,06B
ERR1439394,SeroCall,35B
ERR1438755,SeroCall,35B
ERR1440393,SeroCall,09V
ERR1438818,SeroCall,28A
ERR1439541,SeroCall,04
ERR1440454,SeroCall,10A
ERR1439844,SeroCall,19A
ERR1438964,SeroCall,09V
ERR1440429,SeroCall,10A
ERR1440288,SeroCall,31
ERR1440361,SeroCall,19F
ERR1440291,SeroCall,08
ERR1440450,SeroCall,31
ERR1439779,SeroCall,16F
ERR1439851,SeroCall,23F
ERR1440123,SeroCall,06C
ERR1439774,SeroCall,06B
ERR1439559,SeroCall,14
ERR1439141,SeroCall,15A
ERR1440118,SeroCall,FAILED
ERR1440404,SeroCall,35F
ERR1439986,SeroCall,19A
ERR1440388,SeroCall,10A
ERR1440025,SeroCall,08
ERR1439637,SeroCall,19A
ERR1440397,SeroCall,31
ERR1440091,SeroCall,23B
ERR1439482,SeroCall,22F
ERR1440530,SeroCall,03
ERR1439449,SeroCall,19F
ERR1439985,SeroCall,07F
ERR1440408,SeroCall,10A
ERR1438758,SeroCall,11A
ERR1438977,SeroCall,19A
ERR1439864,SeroCall,16F
ERR1440218,SeroCall,20
ERR1438768,SeroCall,19A
ERR1440637,SeroCall,06A
ERR1439610,SeroCall,27
ERR1439380,SeroCall,35B
ERR1440281,SeroCall,01
ERR1440315,SeroCall,27
ERR1439403,SeroCall,15A
ERR1439205,SeroCall,13
ERR1438781,SeroCall,23B1
ERR1438805,SeroCall,24A/24B/24F
ERR1439067,SeroCall,10A
ERR1438880,SeroCall,19A
ERR1438957,SeroCall,19A
ERR1439128,SeroCall,19A
ERR1440099,SeroCall,08
ERR1439325,SeroCall,15A
ERR1439396,SeroCall,27
ERR1440048,SeroCall,12F
ERR1439766,SeroCall,18C
ERR1440512,SeroCall,10A
ERR1440223,SeroCall,23F
ERR1438692,SeroCall,14
ERR1439477,SeroCall,22F
ERR1438756,SeroCall,35B
ERR1439643,SeroCall,06A
ERR1440283,SeroCall,34
ERR1440440,SeroCall,38
ERR1439601,SeroCall,10F
ERR1438965,SeroCall,19A
ERR1439102,SeroCall,15A
ERR1440005,SeroCall,15A
ERR1438696,SeroCall,19F
ERR1440434,SeroCall,11A
ERR1440636,SeroCall,27
ERR1439626,SeroCall,35A
ERR1438984,SeroCall,29
ERR1439498,SeroCall,22F
ERR1439529,SeroCall,03
ERR1439075,SeroCall,22A
ERR1438631,SeroCall,17F
ERR1439382,SeroCall,15A
ERR1439105,SeroCall,15A
ERR1440378,SeroCall,18C
ERR1439229,SeroCall,15B/15C
ERR1439983,SeroCall,15B/15C
ERR1440249,SeroCall,14
ERR1439904,SeroCall,08
ERR1440480,SeroCall,21
ERR1439486,SeroCall,03
ERR1440427,SeroCall,38
ERR1439577,SeroCall,11B
ERR1438839,SeroCall,07F
ERR1439200,SeroCall,04
ERR1440496,SeroCall,38
ERR1440362,SeroCall,17F
ERR1439073,SeroCall,19A
ERR1439663,SeroCall,09V
ERR1440298,SeroCall,06A
ERR1440676,SeroCall,18C
ERR1440537,SeroCall,33F
ERR1438962,SeroCall,19A
ERR1440504,SeroCall,35F
ERR1439175,SeroCall,15A
ERR1439992,SeroCall,11A
ERR1438820,SeroCall,19A
ERR1438859,SeroCall,09N
ERR1439877,SeroCall,01
ERR1440533,SeroCall,33F
ERR1439753,SeroCall,19A
ERR1440325,SeroCall,17F
ERR1440189,SeroCall,31
ERR1439539,SeroCall,14
ERR1438875,SeroCall,22F
ERR1438806,SeroCall,12F
ERR1439553,SeroCall,14
ERR1439260,SeroCall,15A
ERR1440529,SeroCall,33A/33F
ERR1439230,SeroCall,15A
ERR1439508,SeroCall,12F
ERR1439667,SeroCall,19A
ERR1438856,SeroCall,22F
ERR1440370,SeroCall,01
ERR1440032,SeroCall,22F
ERR1439363,SeroCall,06E(6B)
ERR1439326,SeroCall,15B/15C
ERR1439057,SeroCall,15A
ERR1438725,SeroCall,19F
ERR1438817,SeroCall,09A
ERR1439751,SeroCall,01
ERR1440442,SeroCall,38
ERR1440284,SeroCall,21
ERR1439847,SeroCall,14
ERR1439630,SeroCall,05
ERR1439218,SeroCall,15A
ERR1439487,SeroCall,07F
ERR1440340,SeroCall,23F
ERR1439130,SeroCall,15A
ERR1439294,SeroCall,04
ERR1440576,SeroCall,35B
ERR1439274,SeroCall,35B
ERR1439939,SeroCall,03
ERR1440347,SeroCall,19F
ERR1439310,SeroCall,19F
ERR1438891,SeroCall,09N
ERR1439972,SeroCall,15A
ERR1439332,SeroCall,15A
ERR1439869,SeroCall,17F
ERR1440570,SeroCall,20
ERR1439044,SeroCall,15A
ERR1439820,SeroCall,17F
ERR1439831,SeroCall,06B
ERR1439537,SeroCall,09N
ERR1440446,SeroCall,33F
ERR1440618,SeroCall,13
ERR1439744,SeroCall,22A
ERR1439207,SeroCall,15A
ERR1439645,SeroCall,19A
ERR1440239,SeroCall,07F
ERR1440134,SeroCall,23B1
ERR1439093,SeroCall,15A
ERR1439585,SeroCall,12F
ERR1440670,SeroCall,23B
ERR1438667,SeroCall,38
ERR1439931,SeroCall,08
ERR1438877,SeroCall,15B/15C
ERR1438787,SeroCall,23B1
ERR1440159,SeroCall,12F
ERR1440286,SeroCall,35F
ERR1439244,SeroCall,06C
ERR1440581,SeroCall,03
ERR1440367,SeroCall,35F
ERR1438860,SeroCall,06D
ERR1440326,SeroCall,17F
ERR1438904,SeroCall,09N
ERR1440183,SeroCall,09N
ERR1440136,SeroCall,33F
ERR1440084,SeroCall,06C
ERR1439669,SeroCall,19A
ERR1439791,SeroCall,14
ERR1440074,SeroCall,35F
ERR1440593,SeroCall,11A
ERR1439914,SeroCall,03
ERR1440144,SeroCall,03
ERR1439430,SeroCall,09V
ERR1439124,SeroCall,09V
ERR1440214,SeroCall,34
ERR1439239,SeroCall,19A
ERR1440230,SeroCall,12F
ERR1439951,SeroCall,11A
ERR1439303,SeroCall,15A
ERR1440260,SeroCall,09N
ERR1440093,SeroCall,20
ERR1439090,SeroCall,14
ERR1440379,SeroCall,07C
ERR1440191,SeroCall,37
ERR1439727,SeroCall,05
ERR1439580,SeroCall,35B
ERR1440228,SeroCall,07F
ERR1438762,SeroCall,06C
ERR1438976,SeroCall,18C
ERR1439246,SeroCall,18C
ERR1438896,SeroCall,04
ERR1439440,SeroCall,15A
ERR1439272,SeroCall,15A
ERR1438659,SeroCall,38
ERR1438681,SeroCall,05
ERR1438900,SeroCall,01
ERR1440562,SeroCall,35B
ERR1439442,SeroCall,15A
ERR1440049,SeroCall,19A
ERR1440024,SeroCall,23A
ERR1438835,SeroCall,19A
ERR1440115,SeroCall,FAILED
ERR1439203,SeroCall,15A
ERR1440608,SeroCall,14
ERR1439228,SeroCall,34
ERR1439058,SeroCall,15A
ERR1439215,SeroCall,15A
ERR1438771,SeroCall,23B
ERR1440150,SeroCall,10A
ERR1440517,SeroCall,11A
ERR1439694,SeroCall,06A
ERR1439763,SeroCall,04
ERR1439765,SeroCall,01
ERR1439494,SeroCall,06C
ERR1440634,SeroCall,15B/15C
ERR1439288,SeroCall,15A
ERR1440181,SeroCall,08
ERR1440435,SeroCall,23B1
ERR1440275,SeroCall,09L
ERR1439081,SeroCall,19A
ERR1438840,SeroCall,19A
ERR1439989,SeroCall,24A/24B/24F
ERR1439407,SeroCall,15B/15C
ERR1439849,SeroCall,17F
ERR1439078,SeroCall,19A
ERR1438683,SeroCall,07A
ERR1439740,SeroCall,34
ERR1439299,SeroCall,19F
ERR1439468,SeroCall,15A
ERR1439400,SeroCall,15A
ERR1439339,SeroCall,15B/15C
ERR1439784,SeroCall,19A
ERR1438829,SeroCall,19A
ERR1439546,SeroCall,22F
ERR1440261,SeroCall,09N
ERR1439565,SeroCall,14
ERR1439056,SeroCall,15A
ERR1440344,SeroCall,20
ERR1440651,SeroCall,15B/15C
ERR1439586,SeroCall,12F
ERR1439087,SeroCall,06E(6B)
ERR1439035,SeroCall,21
ERR1438815,SeroCall,07F
ERR1438808,SeroCall,16F
ERR1438878,SeroCall,22F
ERR1440019,SeroCall,21
ERR1439542,SeroCall,35B
ERR1439592,SeroCall,24A/24B/24F
ERR1440483,SeroCall,10A
ERR1439519,SeroCall,19F
ERR1438799,SeroCall,36
ERR1439497,SeroCall,10A
ERR1439071,SeroCall,15A
ERR1439906,SeroCall,09N
ERR1439963,SeroCall,06C
ERR1439803,SeroCall,35B
ERR1439819,SeroCall,17F
ERR1438632,SeroCall,19A
ERR1440540,SeroCall,03
ERR1439780,SeroCall,23B
ERR1440003,SeroCall,08
ERR1439719,SeroCall,04
ERR1439924,SeroCall,22F
ERR1438968,SeroCall,19A
ERR1440321,SeroCall,20
ERR1440643,SeroCall,23B1
ERR1439462,SeroCall,11A
ERR1439658,SeroCall,14
ERR1438882,SeroCall,07F
ERR1440546,SeroCall,35B
ERR1438933,SeroCall,19A
ERR1439558,SeroCall,15A
ERR1440431,SeroCall,10A
ERR1439723,SeroCall,19A
ERR1440006,SeroCall,19A
ERR1440060,SeroCall,06C
ERR1440323,SeroCall,38
ERR1438680,SeroCall,04
ERR1439459,SeroCall,23F
ERR1440518,SeroCall,10A
ERR1438958,SeroCall,19A
ERR1439827,SeroCall,06E(6A)
ERR1439901,SeroCall,12F
ERR1440338,SeroCall,34
ERR1439617,SeroCall,19A
ERR1440425,SeroCall,06E(6A)/06E(6B)
ERR1439770,SeroCall,09V
ERR1438884,SeroCall,19A
ERR1439340,SeroCall,19A
ERR1439599,SeroCall,37
ERR1440079,SeroCall,09N
ERR1439919,SeroCall,07F
ERR1438769,SeroCall,23B
ERR1439804,SeroCall,05
ERR1440532,SeroCall,24A/24B/24F
ERR1440413,SeroCall,35F
ERR1439982,SeroCall,23A
ERR1438783,SeroCall,23B1
ERR1440596,SeroCall,33A
ERR1439953,SeroCall,03
ERR1440328,SeroCall,17F
ERR1439112,SeroCall,15A
ERR1439254,SeroCall,04
ERR1440405,SeroCall,35F
ERR1439190,SeroCall,15A
ERR1438824,SeroCall,19A
ERR1439195,SeroCall,19A
ERR1440205,SeroCall,06B
ERR1439923,SeroCall,33F
ERR1439921,SeroCall,08
ERR1438658,SeroCall,35B
ERR1440663,SeroCall,34
ERR1439068,SeroCall,35B
ERR1439374,SeroCall,15B/15C
ERR1439341,SeroCall,27
ERR1438796,SeroCall,48
ERR1439688,SeroCall,19A
ERR1440104,SeroCall,16F
ERR1440493,SeroCall,23A
ERR1438708,SeroCall,33F
ERR1440240,SeroCall,12F
ERR1439837,SeroCall,04
ERR1439072,SeroCall,19A
ERR1439749,SeroCall,06E(6B)
ERR1438617,SeroCall,23A
ERR1438615,SeroCall,24A/24B/24F
ERR1439226,SeroCall,14
ERR1438686,SeroCall,09A
ERR1439814,SeroCall,04
ERR1439432,SeroCall,19A
ERR1440176,SeroCall,22F
ERR1440458,SeroCall,38
ERR1440329,SeroCall,21
ERR1438849,SeroCall,11A
ERR1440426,SeroCall,11A
ERR1439929,SeroCall,12F
ERR1439004,SeroCall,15A
ERR1440334,SeroCall,31
ERR1440607,SeroCall,18C
ERR1440545,SeroCall,08
ERR1440278,SeroCall,19A
ERR1439213,SeroCall,06A
ERR1439356,SeroCall,35B
ERR1440157,SeroCall,06C
ERR1439402,SeroCall,35B
ERR1439582,SeroCall,10B
ERR1440308,SeroCall,14
ERR1439298,SeroCall,18B
ERR1439781,SeroCall,07F
ERR1439561,SeroCall,05
ERR1439954,SeroCall,16F
ERR1438754,SeroCall,35B
ERR1439871,SeroCall,01
ERR1438710,SeroCall,10A
ERR1438990,SeroCall,28A
ERR1440215,SeroCall,20
ERR1440598,SeroCall,14
ERR1439302,SeroCall,35B
ERR1439902,SeroCall,38
ERR1439143,SeroCall,19A
ERR1439160,SeroCall,39
ERR1438770,SeroCall,23B
ERR1439934,SeroCall,03
ERR1440622,SeroCall,09V
ERR1439905,SeroCall,03
ERR1439491,SeroCall,09N
ERR1440114,SeroCall,21
ERR1439527,SeroCall,35F
ERR1439686,SeroCall,19A
ERR1439711,SeroCall,09V
ERR1439414,SeroCall,19A
ERR1440280,SeroCall,20
ERR1439211,SeroCall,15A
ERR1438709,SeroCall,10F
ERR1438773,SeroCall,23B1
ERR1438789,SeroCall,33F
ERR1440511,SeroCall,17F
ERR1440227,SeroCall,21
ERR1439524,SeroCall,19F
ERR1438741,SeroCall,11A
ERR1440488,SeroCall,16F
ERR1439034,SeroCall,19A
ERR1439463,SeroCall,23F
ERR1440528,SeroCall,35A
ERR1438648,SeroCall,23A
ERR1439512,SeroCall,01
ERR1439293,SeroCall,15A
ERR1439377,SeroCall,05
ERR1440383,SeroCall,21
ERR1439335,SeroCall,15A
ERR1439427,SeroCall,16F
ERR1439223,SeroCall,15A
ERR1439372,SeroCall,15B/15C
ERR1439330,SeroCall,FAILED
ERR1439291,SeroCall,19A
ERR1439679,SeroCall,14
ERR1440098,SeroCall,23A
ERR1439733,SeroCall,37
ERR1439648,SeroCall,19A
ERR1440350,SeroCall,21
ERR1438684,SeroCall,07B
ERR1439823,SeroCall,37
ERR1438661,SeroCall,33F
ERR1438812,SeroCall,18C
ERR1438853,SeroCall,35F
ERR1440116,SeroCall,09N
ERR1438643,SeroCall,11A
ERR1439858,SeroCall,20
ERR1440525,SeroCall,33A/33F
ERR1439366,SeroCall,34
ERR1439119,SeroCall,19A
ERR1439199,SeroCall,15A
ERR1440305,SeroCall,09V
ERR1439522,SeroCall,22F
ERR1440465,SeroCall,38
ERR1439824,SeroCall,23F
ERR1439472,SeroCall,24A/24B/24F
ERR1438869,SeroCall,07F
ERR1440452,SeroCall,10A
ERR1440222,SeroCall,09V
ERR1439856,SeroCall,42
ERR1439728,SeroCall,19A
ERR1438902,SeroCall,17F
ERR1439651,SeroCall,23B1
ERR1439376,SeroCall,31
ERR1438830,SeroCall,19A
ERR1439243,SeroCall,19F
ERR1439321,SeroCall,11A
ERR1439055,SeroCall,15A
ERR1440463,SeroCall,10A
ERR1439458,SeroCall,35B
ERR1439974,SeroCall,07F
ERR1438713,SeroCall,23F
ERR1438851,SeroCall,09N
ERR1439675,SeroCall,19A
ERR1439329,SeroCall,07C
ERR1439334,SeroCall,12F
ERR1439050,SeroCall,19A
ERR1440013,SeroCall,09N
ERR1439316,SeroCall,15B/15C
ERR1438940,SeroCall,33A/33F
ERR1440506,SeroCall,35F
ERR1439136,SeroCall,15A
ERR1439250,SeroCall,19A
ERR1439095,SeroCall,35B
ERR1438886,SeroCall,19A
ERR1440524,SeroCall,24A/24B/24F
ERR1440080,SeroCall,11A
ERR1440290,SeroCall,08
ERR1439995,SeroCall,19A
ERR1440433,SeroCall,23B
ERR1439533,SeroCall,16F
ERR1439644,SeroCall,19A
ERR1440597,SeroCall,36
ERR1438897,SeroCall,15A
ERR1440631,SeroCall,27
ERR1440273,SeroCall,08
ERR1439101,SeroCall,15A
ERR1440605,SeroCall,14
ERR1439495,SeroCall,08
ERR1440331,SeroCall,21
ERR1439271,SeroCall,15A
ERR1440254,SeroCall,01
ERR1439787,SeroCall,06A
ERR1439507,SeroCall,24A/24B/24F
ERR1438794,SeroCall,33C
ERR1440381,SeroCall,17F
ERR1438825,SeroCall,19A
ERR1440556,SeroCall,12F
ERR1440057,SeroCall,08
ERR1440012,SeroCall,19F
ERR1439267,SeroCall,15A
ERR1439323,SeroCall,19A
ERR1439913,SeroCall,24A/24B/24F
ERR1440211,SeroCall,01
ERR1439016,SeroCall,19A
ERR1439454,SeroCall,06A
ERR1440385,SeroCall,35F
ERR1439563,SeroCall,FAILED
ERR1439290,SeroCall,04
ERR1439944,SeroCall,38
ERR1439752,SeroCall,01
ERR1439528,SeroCall,22F
ERR1439364,SeroCall,15B/15C
ERR1440459,SeroCall,16F
ERR1439465,SeroCall,34
ERR1439383,SeroCall,27
ERR1439600,SeroCall,19A
ERR1438945,SeroCall,19A
ERR1439279,SeroCall,15B/15C
ERR1439455,SeroCall,04
ERR1439127,SeroCall,15A
ERR1438764,SeroCall,07B
ERR1440503,SeroCall,18A
ERR1439011,SeroCall,15A
ERR1440203,SeroCall,04
ERR1438898,SeroCall,07F
ERR1438930,SeroCall,33A/33F
ERR1438618,SeroCall,19A
ERR1439660,SeroCall,19A
ERR1438995,SeroCall,36
ERR1439235,SeroCall,19F
ERR1440611,SeroCall,15B/15C
ERR1439001,SeroCall,19F
ERR1438797,SeroCall,48
ERR1438975,SeroCall,19A
ERR1439125,SeroCall,19A
ERR1440265,SeroCall,12F
ERR1440295,SeroCall,09V
ERR1440535,SeroCall,04
ERR1439793,SeroCall,01
ERR1439571,SeroCall,12F
ERR1440040,SeroCall,03
ERR1439445,SeroCall,15B/15C
ERR1440629,SeroCall,18C
