k,n_folds,auroc_mean,auroc_median,auroc_p25,auroc_p75,auroc_min,auroc_max,frac_folds_above_0.9
1,98,0.8792826155559903,0.9455997971364685,0.8018979568161692,0.9809694847729261,0.2746714478475444,0.9994085137058465,0.6224489795918368
5,98,0.8907180066985039,0.9423361937010617,0.8463040512818591,0.9703584771593842,0.4529687956211884,0.9988909631984622,0.6224489795918368
10,98,0.8833911477197096,0.934600547867285,0.8318563870811875,0.9635017051971528,0.4391780886701129,0.9989279310918467,0.6020408163265306
20,98,0.8779349745837404,0.9289430524743857,0.8469521298862157,0.961968537608769,0.3912108146119398,0.999001866878616,0.6428571428571429
50,98,0.8661326491607559,0.9232841642432432,0.8248601669672075,0.959849145716744,0.3437498714896101,0.9981885732241548,0.6122448979591837
100,98,0.8615169046808202,0.9129783813567325,0.8251984492836273,0.955834274360542,0.34281482989336726,0.9950090576361419,0.5612244897959183
200,98,0.8557238850447559,0.9187613299283603,0.8061444936707145,0.9560563860477149,0.2989943290935186,0.994574660800769,0.5714285714285714
500,98,0.842555348626564,0.8994790720903161,0.7861810536862521,0.9404900506329619,0.40425708898665386,0.9975507412473659,0.4897959183673469
1000,98,0.7892059265524016,0.8018178078031677,0.7309805726379541,0.8507934882112909,0.372946126676918,0.9913028208066842,0.16326530612244897
