held_out_genogroup,1,10,10D,11,12_44_46,13,14,15,15B/C,16F,17A,17F,18,19A,19B_19C,19F,2,20,21,22,23,25A_25F_38,27,28,29,3,31,32,33A_33F_37,33B_33D,33C,33E,33G,34,35A_35C_42,35B_35D,35F,36,39,4,41F,45,48,5,6,6E,7A_7F,7B_7C_40,8,9,Serogroup 24,Serogroup 33
1,0.0,0.0,0.0,0.0,0.3698630136986301,0.0,0.1232876712328767,0.0,0.0547945205479452,0.0136986301369863,0.0,0.0,0.0,0.0,0.0,0.0136986301369863,0.0,0.0,0.0,0.0,0.0410958904109589,0.0,0.0,0.0,0.0,0.0273972602739726,0.0,0.0,0.0,0.0,0.0,0.0,0.0,0.0,0.0136986301369863,0.0684931506849315,0.0,0.0,0.0,0.0,0.0,0.0410958904109589,0.0136986301369863,0.0,0.1780821917808219,0.0,0.0,0.0136986301369863,0.0,0.0273972602739726,0.0,0.0
10,0.0,0.07339449541284404,0.0,0.009174311926605505,0.027522935779816515,0.0,0.009174311926605505,0.05504587155963303,0.027522935779816515,0.0,0.0,0.009174311926605505,0.0,0.07339449541284404,0.027522935779816515,0.3302752293577982,0.0,0.0,0.009174311926605505,0.009174311926605505,0.07339449541284404,0.0,0.0,0.01834862385321101,0.01834862385321101,0.0,0.0,0.0,0.0,0.01834862385321101,0.0,0.0,0.0,0.009174311926605505,0.06422018348623854,0.0,0.009174311926605505,0.0,0.0,0.009174311926605505,0.0,0.0,0.0,0.0,0.08256880733944955,0.0,0.01834862385321101,0.0,0.0,0.0,0.01834862385321101,0.0
10D,0.0,0.0,0.0,0.0,0.0,0.0,0.0,0.0,0.0,0.0,0.0,0.0,0.0,0.0,0.0,0.0,0.0,0.0,0.0,0.0,0.0,0.0,0.0,0.0,0.0,0.0,1.0,0.0,0.0,0.0,0.0,0.0,0.0,0.0,0.0,0.0,0.0,0.0,0.0,0.0,0.0,0.0,0.0,0.0,0.0,0.0,0.0,0.0,0.0,0.0,0.0,0.0
11,0.0,0.0,0.0,0.7865168539325843,0.0,0.0,0.011235955056179775,0.033707865168539325,0.033707865168539325,0.011235955056179775,0.0,0.0,0.0,0.0,0.0,0.0,0.0,0.0,0.0,0.0,0.0,0.0,0.0,0.0,0.0,0.0,0.0,0.0,0.0,0.0,0.0,0.0,0.0,0.0,0.011235955056179775,0.0,0.056179775280898875,0.0,0.0,0.0,0.0,0.0,0.0,0.0,0.011235955056179775,0.0,0.0,0.0,0.0,0.0449438202247191,0.0,0.0
12_44_46,0.0,0.0,0.0,0.009433962264150943,0.6320754716981132,0.0,0.018867924528301886,0.0,0.009433962264150943,0.009433962264150943,0.0,0.0,0.009433962264150943,0.009433962264150943,0.0,0.009433962264150943,0.0,0.0,0.20754716981132076,0.0,0.0,0.0,0.02830188679245283,0.009433962264150943,0.0,0.0,0.0,0.0,0.0,0.0,0.0,0.0,0.0,0.0,0.0,0.0,0.0,0.0,0.0,0.0,0.0,0.0,0.0,0.0,0.009433962264150943,0.0,0.0,0.02830188679245283,0.009433962264150943,0.0,0.0,0.0
13,0.024390243902439025,0.0,0.0,0.0,0.0,0.0,0.0,0.07317073170731707,0.07317073170731707,0.0,0.0,0.0,0.0,0.024390243902439025,0.024390243902439025,0.0,0.0,0.024390243902439025,0.0,0.0,0.14634146341463414,0.0,0.0,0.0,0.04878048780487805,0.0,0.21951219512195122,0.0,0.0,0.04878048780487805,0.0,0.0,0.0,0.0,0.0,0.024390243902439025,0.0,0.0,0.0,0.0,0.0,0.0,0.0,0.024390243902439025,0.0,0.0,0.1951219512195122,0.0,0.0,0.0,0.04878048780487805,0.0
14,0.08,0.0,0.0,0.013333333333333334,0.0,0.06666666666666667,0.0,0.013333333333333334,0.05333333333333334,0.02666666666666667,0.0,0.14666666666666667,0.0,0.0,0.0,0.02666666666666667,0.0,0.013333333333333334,0.013333333333333334,0.02666666666666667,0.13333333333333333,0.0,0.0,0.0,0.0,0.0,0.0,0.0,0.0,0.06666666666666667,0.0,0.0,0.0,0.013333333333333334,0.0,0.0,0.0,0.0,0.0,0.06666666666666667,0.0,0.0,0.0,0.0,0.16,0.0,0.0,0.0,0.0,0.08,0.0,0.0
15,0.0,0.0,0.0,0.0,0.00909090909090909,0.0,0.02727272727272727,0.4909090909090909,0.3090909090909091,0.0,0.0,0.0,0.0,0.01818181818181818,0.0,0.0,0.0,0.0,0.0,0.0,0.00909090909090909,0.0,0.0,0.0,0.0,0.0,0.0,0.0,0.05454545454545454,0.0,0.0,0.0,0.0,0.00909090909090909,0.0,0.0,0.0,0.0,0.0,0.0,0.0,0.0,0.0,0.02727272727272727,0.02727272727272727,0.00909090909090909,0.0,0.0,0.0,0.00909090909090909,0.0,0.0
15B/C,0.014925373134328358,0.04477611940298507,0.0,0.014925373134328358,0.0,0.0,0.0,0.26865671641791045,0.0,0.0,0.0,0.0,0.0,0.014925373134328358,0.014925373134328358,0.029850746268656716,0.0,0.0,0.1044776119402985,0.0,0.0,0.0,0.0,0.0,0.0,0.014925373134328358,0.0,0.0,0.0,0.0,0.0,0.0,0.0,0.0,0.0,0.0,0.0,0.0,0.0,0.0,0.0,0.0,0.0,0.0,0.07462686567164178,0.0,0.0,0.3582089552238806,0.0,0.04477611940298507,0.0,0.0
16F,0.02127659574468085,0.0,0.0,0.0425531914893617,0.0,0.0,0.02127659574468085,0.0,0.02127659574468085,0.0,0.0,0.0425531914893617,0.1276595744680851,0.0,0.02127659574468085,0.02127659574468085,0.02127659574468085,0.1276595744680851,0.0,0.0,0.0425531914893617,0.0,0.0,0.0,0.0,0.0,0.0,0.0,0.0,0.0,0.0,0.0,0.02127659574468085,0.0,0.0,0.0,0.0,0.0,0.0,0.2765957446808511,0.0,0.0,0.0425531914893617,0.0,0.06382978723404255,0.0,0.0,0.02127659574468085,0.02127659574468085,0.0425531914893617,0.0,0.0
17A,0.0,0.0,0.0,0.0,0.0,0.0,0.0,0.0,0.0,0.0,0.0,0.0,0.0,0.0,0.5,0.0,0.0,0.0,0.0,0.0,0.25,0.0,0.0,0.25,0.0,0.0,0.0,0.0,0.0,0.0,0.0,0.0,0.0,0.0,0.0,0.0,0.0,0.0,0.0,0.0,0.0,0.0,0.0,0.0,0.0,0.0,0.0,0.0,0.0,0.0,0.0,0.0
17F,0.0,0.0,0.0,0.0,0.0,0.0,0.02,0.0,0.0,0.0,0.08,0.0,0.02,0.02,0.0,0.0,0.0,0.02,0.54,0.02,0.0,0.0,0.0,0.12,0.0,0.0,0.0,0.0,0.0,0.0,0.0,0.0,0.0,0.04,0.0,0.0,0.0,0.0,0.0,0.0,0.1,0.0,0.0,0.0,0.0,0.0,0.0,0.0,0.0,0.0,0.02,0.0
18,0.024096385542168676,0.0,0.0,0.0,0.0,0.0,0.0,0.012048192771084338,0.0,0.024096385542168676,0.0,0.012048192771084338,0.6385542168674698,0.0,0.0,0.03614457831325301,0.0,0.0,0.012048192771084338,0.024096385542168676,0.024096385542168676,0.0,0.0,0.024096385542168676,0.0,0.0,0.012048192771084338,0.0,0.0,0.0,0.0,0.0,0.0,0.0,0.012048192771084338,0.0,0.0,0.0,0.0,0.012048192771084338,0.0,0.0,0.0,0.0,0.04819277108433735,0.0,0.012048192771084338,0.0,0.060240963855421686,0.0,0.012048192771084338,0.0
19A,0.0,0.0,0.0,0.023529411764705882,0.0,0.0,0.047058823529411764,0.0,0.03529411764705882,0.0,0.0,0.023529411764705882,0.0,0.0,0.0,0.3176470588235294,0.0,0.0,0.0,0.023529411764705882,0.12941176470588237,0.0,0.0,0.011764705882352941,0.0,0.011764705882352941,0.0,0.0,0.0,0.03529411764705882,0.0,0.0,0.011764705882352941,0.09411764705882353,0.0,0.011764705882352941,0.011764705882352941,0.0,0.011764705882352941,0.047058823529411764,0.0,0.0,0.0,0.0,0.11764705882352941,0.0,0.0,0.011764705882352941,0.0,0.011764705882352941,0.011764705882352941,0.0
19B_19C,0.0,0.23809523809523808,0.0,0.0,0.0,0.047619047619047616,0.0,0.047619047619047616,0.0,0.2857142857142857,0.0,0.0,0.0,0.0,0.0,0.0,0.0,0.0,0.0,0.14285714285714285,0.09523809523809523,0.0,0.0,0.0,0.0,0.0,0.0,0.0,0.047619047619047616,0.0,0.0,0.0,0.0,0.0,0.0,0.0,0.0,0.0,0.0,0.0,0.0,0.0,0.0,0.0,0.047619047619047616,0.0,0.0,0.0,0.0,0.0,0.047619047619047616,0.0
19F,0.0,0.0125,0.0,0.0,0.0,0.0,0.1875,0.0,0.05,0.0375,0.0,0.0625,0.025,0.2,0.0,0.0,0.0,0.0,0.025,0.0,0.0625,0.0,0.0,0.0,0.0,0.0,0.0,0.0,0.0,0.0,0.0,0.0,0.0,0.0,0.0,0.0375,0.0125,0.0,0.0,0.05,0.0,0.0,0.0,0.0,0.125,0.0,0.0,0.025,0.0,0.025,0.0625,0.0
2,0.09090909090909091,0.0,0.0,0.0,0.0,0.0,0.0,0.18181818181818182,0.0,0.0,0.0,0.0,0.0,0.36363636363636365,0.0,0.0,0.0,0.0,0.0,0.0,0.0,0.0,0.0,0.0,0.0,0.0,0.18181818181818182,0.0,0.0,0.0,0.0,0.0,0.0,0.0,0.0,0.0,0.0,0.0,0.0,0.0,0.0,0.0,0.0,0.0,0.18181818181818182,0.0,0.0,0.0,0.0,0.0,0.0,0.0
20,0.0,0.0,0.0,0.0,0.0136986301369863,0.0684931506849315,0.0136986301369863,0.0136986301369863,0.0,0.0,0.0,0.0136986301369863,0.0,0.0,0.0,0.0,0.0,0.6164383561643836,0.0,0.1506849315068493,0.0273972602739726,0.0,0.0,0.0,0.0,0.0,0.0,0.0,0.0,0.0,0.0,0.0,0.0,0.0136986301369863,0.0,0.0,0.0,0.0,0.0,0.0136986301369863,0.0,0.0,0.0,0.0,0.0410958904109589,0.0,0.0136986301369863,0.0,0.0,0.0,0.0,0.0
21,0.0,0.0,0.0,0.02631578947368421,0.5526315789473685,0.0,0.0,0.0,0.07894736842105263,0.0,0.0,0.0,0.21052631578947367,0.02631578947368421,0.0,0.0,0.0,0.05263157894736842,0.0,0.0,0.0,0.0,0.0,0.02631578947368421,0.0,0.0,0.0,0.0,0.0,0.0,0.0,0.0,0.0,0.02631578947368421,0.0,0.0,0.0,0.0,0.0,0.0,0.0,0.0,0.0,0.0,0.0,0.0,0.0,0.0,0.0,0.0,0.0,0.0
22,0.0,0.24358974358974358,0.0,0.0,0.0,0.0,0.0,0.01282051282051282,0.0,0.0,0.0,0.038461538461538464,0.038461538461538464,0.0,0.0,0.02564102564102564,0.0,0.01282051282051282,0.05128205128205128,0.08974358974358974,0.038461538461538464,0.0,0.0,0.0,0.0,0.02564102564102564,0.0,0.0,0.0,0.0,0.0,0.0,0.0,0.0641025641025641,0.0,0.0,0.0,0.0,0.0,0.0,0.0,0.0,0.0,0.16666666666666666,0.01282051282051282,0.0,0.0,0.0,0.0,0.01282051282051282,0.01282051282051282,0.15384615384615385
23,0.0,0.006944444444444444,0.0,0.013888888888888888,0.006944444444444444,0.006944444444444444,0.0,0.027777777777777776,0.0,0.034722222222222224,0.0,0.0,0.013888888888888888,0.05555555555555555,0.0,0.020833333333333332,0.0,0.09722222222222222,0.0,0.034722222222222224,0.4305555555555556,0.0,0.006944444444444444,0.013888888888888888,0.0,0.006944444444444444,0.0,0.0,0.0,0.0,0.0,0.0,0.0,0.013888888888888888,0.0,0.0,0.0,0.0,0.0,0.0,0.0,0.0,0.0,0.0,0.1736111111111111,0.0,0.0,0.020833333333333332,0.0,0.0,0.013888888888888888,0.0
25A_25F_38,0.0,0.0,0.0,0.0,0.0136986301369863,0.0,0.0,0.0,0.0,0.0,0.0,0.0136986301369863,0.0,0.0,0.0,0.0,0.0,0.0,0.0,0.0,0.136986301369863,0.821917808219178,0.0,0.0,0.0,0.0,0.0,0.0,0.0,0.0,0.0,0.0,0.0,0.0,0.0,0.0,0.0,0.0,0.0,0.0,0.0,0.0,0.0,0.0,0.0,0.0,0.0,0.0,0.0,0.0136986301369863,0.0,0.0
27,0.0,0.0,0.0,0.0,0.0,0.0,0.0,0.0,0.0,0.0,0.0,0.0,0.05263157894736842,0.0,0.0,0.0,0.5789473684210527,0.0,0.0,0.05263157894736842,0.0,0.0,0.0,0.0,0.0,0.0,0.0,0.0,0.0,0.0,0.0,0.0,0.0,0.0,0.0,0.0,0.0,0.0,0.0,0.0,0.0,0.0,0.0,0.0,0.3157894736842105,0.0,0.0,0.0,0.0,0.0,0.0,0.0
28,0.0,0.09090909090909091,0.0,0.030303030303030304,0.0,0.0,0.0,0.06060606060606061,0.0,0.15151515151515152,0.0,0.06060606060606061,0.0,0.030303030303030304,0.0,0.030303030303030304,0.0,0.0,0.06060606060606061,0.0,0.06060606060606061,0.0,0.0,0.2727272727272727,0.0,0.030303030303030304,0.0,0.0,0.0,0.0,0.0,0.0,0.0,0.0,0.0,0.0,0.0,0.0,0.0,0.0,0.0,0.0,0.0,0.0,0.0,0.0,0.0,0.09090909090909091,0.0,0.030303030303030304,0.0,0.0
29,0.0,0.21052631578947367,0.0,0.0,0.0,0.05263157894736842,0.0,0.0,0.0,0.0,0.0,0.0,0.0,0.15789473684210525,0.0,0.0,0.0,0.0,0.0,0.0,0.05263157894736842,0.0,0.0,0.0,0.0,0.0,0.0,0.0,0.0,0.0,0.0,0.0,0.0,0.05263157894736842,0.0,0.10526315789473684,0.10526315789473684,0.0,0.0,0.0,0.0,0.0,0.0,0.0,0.21052631578947367,0.0,0.0,0.0,0.0,0.0,0.0,0.05263157894736842
3,0.03571428571428571,0.0,0.0,0.0,0.0,0.0,0.0,0.08928571428571429,0.19642857142857142,0.0,0.0,0.0,0.0,0.16071428571428573,0.0,0.39285714285714285,0.0,0.0,0.0,0.0,0.0,0.0,0.0,0.0,0.0,0.0,0.0,0.0,0.0,0.0,0.0,0.0,0.0,0.017857142857142856,0.0,0.0,0.0,0.0,0.0,0.017857142857142856,0.0,0.0,0.0,0.03571428571428571,0.0,0.0,0.0,0.0,0.0,0.05357142857142857,0.0,0.0
31,0.0,0.28205128205128205,0.0,0.05128205128205128,0.0,0.0,0.0,0.0,0.0,0.23076923076923078,0.0,0.0,0.0,0.0,0.0,0.05128205128205128,0.02564102564102564,0.23076923076923078,0.0,0.02564102564102564,0.0,0.0,0.0,0.0,0.0,0.0,0.0,0.0,0.0,0.02564102564102564,0.0,0.0,0.0,0.0,0.0,0.0,0.0,0.0,0.0,0.0,0.0,0.0,0.0,0.0,0.07692307692307693,0.0,0.0,0.0,0.0,0.0,0.0,0.0
32,0.0,0.0,0.0,0.3333333333333333,0.0,0.0,0.0,0.0,0.0,0.0,0.0,0.0,0.0,0.0,0.0,0.0,0.0,0.0,0.0,0.3333333333333333,0.0,0.0,0.0,0.0,0.0,0.0,0.0,0.0,0.0,0.0,0.0,0.0,0.0,0.0,0.0,0.0,0.0,0.0,0.0,0.0,0.0,0.0,0.0,0.3333333333333333,0.0,0.0,0.0,0.0,0.0,0.0,0.0,0.0
33A_33F_37,0.0,0.017857142857142856,0.0,0.0,0.0,0.0,0.07142857142857142,0.0,0.0,0.0,0.0,0.0,0.0,0.0,0.03571428571428571,0.17857142857142858,0.0,0.0,0.0,0.0,0.017857142857142856,0.0,0.0,0.0,0.017857142857142856,0.0,0.0,0.0,0.25,0.0,0.0,0.0,0.0,0.017857142857142856,0.017857142857142856,0.07142857142857142,0.0,0.0,0.0,0.0,0.0,0.0,0.0,0.0,0.10714285714285714,0.0,0.0,0.0,0.0,0.017857142857142856,0.0,0.17857142857142858
33B_33D,0.0,0.0,0.0,0.0,0.0,0.0,0.030303030303030304,0.030303030303030304,0.0,0.0,0.030303030303030304,0.0,0.06060606060606061,0.12121212121212122,0.030303030303030304,0.0,0.0,0.0,0.0,0.0,0.0,0.0,0.0,0.0,0.0,0.0,0.0,0.0,0.030303030303030304,0.21212121212121213,0.06060606060606061,0.0,0.0,0.0,0.0,0.030303030303030304,0.0,0.0,0.06060606060606061,0.0,0.0,0.0,0.0,0.0,0.21212121212121213,0.0,0.0,0.0,0.0,0.09090909090909091,0.0,0.0
33C,0.0,0.0,0.0,0.0,0.0,0.0,0.0,0.0,0.0,0.0,0.0,0.0,0.0,0.0,0.0,0.0,0.0,0.0,0.0,0.0,0.0,0.0,0.0,0.0,0.0,0.0,0.0,0.0,0.0,1.0,0.0,0.0,0.0,0.0,0.0,0.0,0.0,0.0,0.0,0.0,0.0,0.0,0.0,0.0,0.0,0.0,0.0,0.0,0.0,0.0,0.0,0.0
33E,0.0,0.0,0.0,0.0,0.0,0.0,0.0,0.0,0.0,0.0,0.0,0.0,0.0,0.0,0.0,0.0,0.0,0.0,0.0,0.0,0.0,0.0,0.0,0.0,0.0,0.0,0.0,0.0,0.0,0.0,0.0,0.0,0.0,0.0,0.0,0.0,0.0,0.0,0.0,0.0,0.0,0.0,0.0,0.0,0.0,0.0,0.0,0.0,0.0,0.0,0.0,1.0
33G,0.0,0.6666666666666666,0.0,0.0,0.0,0.3333333333333333,0.0,0.0,0.0,0.0,0.0,0.0,0.0,0.0,0.0,0.0,0.0,0.0,0.0,0.0,0.0,0.0,0.0,0.0,0.0,0.0,0.0,0.0,0.0,0.0,0.0,0.0,0.0,0.0,0.0,0.0,0.0,0.0,0.0,0.0,0.0,0.0,0.0,0.0,0.0,0.0,0.0,0.0,0.0,0.0,0.0,0.0
34,0.0,0.34146341463414637,0.0,0.0975609756097561,0.0,0.0975609756097561,0.0,0.0,0.0,0.0,0.0,0.0,0.0,0.024390243902439025,0.04878048780487805,0.0,0.0,0.0,0.024390243902439025,0.0,0.024390243902439025,0.024390243902439025,0.0,0.0,0.0,0.0,0.0,0.0,0.0975609756097561,0.0,0.0,0.0,0.0,0.0,0.0,0.04878048780487805,0.0,0.0,0.0,0.0,0.0,0.0,0.0,0.0,0.0975609756097561,0.0,0.0,0.0,0.07317073170731707,0.0,0.0,0.0
35A_35C_42,0.0,0.0,0.0,0.04,0.0,0.0,0.0,0.0,0.04,0.04,0.0,0.0,0.04,0.0,0.0,0.04,0.0,0.0,0.0,0.0,0.0,0.0,0.0,0.0,0.0,0.0,0.0,0.0,0.0,0.0,0.0,0.0,0.0,0.0,0.64,0.0,0.0,0.0,0.0,0.08,0.0,0.0,0.0,0.0,0.08,0.0,0.0,0.0,0.0,0.0,0.0,0.0
35B_35D,0.0,0.0,0.0,0.03636363636363636,0.01818181818181818,0.0,0.01818181818181818,0.0,0.0,0.01818181818181818,0.0,0.0,0.0,0.01818181818181818,0.0,0.03636363636363636,0.0,0.0,0.0,0.0,0.01818181818181818,0.0,0.01818181818181818,0.0,0.0,0.0,0.0,0.0,0.03636363636363636,0.0,0.0,0.0,0.0,0.0,0.0,0.7818181818181819,0.0,0.0,0.0,0.0,0.0,0.0,0.0,0.0,0.0,0.0,0.0,0.0,0.0,0.0,0.0,0.0
35F,0.0,0.034482758620689655,0.0,0.034482758620689655,0.0,0.034482758620689655,0.06896551724137931,0.0,0.034482758620689655,0.0,0.0,0.0,0.0,0.0,0.0,0.034482758620689655,0.0,0.1724137931034483,0.0,0.034482758620689655,0.0,0.0,0.0,0.0,0.2413793103448276,0.0,0.0,0.0,0.0,0.0,0.0,0.0,0.0,0.034482758620689655,0.0,0.13793103448275862,0.0,0.0,0.0,0.0,0.0,0.034482758620689655,0.0,0.0,0.0,0.0,0.0,0.0,0.0,0.10344827586206896,0.0,0.0
36,0.0,0.0,0.0,0.0,0.0,0.0,0.0,0.0,0.0,0.0,0.0,0.0,0.0,0.0,0.0,0.0,0.0,0.0,0.0,0.0,0.0,0.0,0.0,0.0,0.0,0.0,0.0,0.0,0.0,0.0,0.0,0.0,0.0,0.0,0.0,0.0,0.0,0.0,0.0,0.0,0.0,0.6,0.2,0.0,0.0,0.0,0.0,0.0,0.0,0.0,0.2,0.0
39,0.0,0.0,0.0,0.16666666666666666,0.0,0.0,0.0,0.0,0.16666666666666666,0.0,0.0,0.0,0.0,0.0,0.0,0.0,0.0,0.0,0.0,0.0,0.0,0.0,0.16666666666666666,0.0,0.0,0.0,0.0,0.0,0.0,0.0,0.0,0.0,0.0,0.0,0.0,0.0,0.0,0.0,0.0,0.0,0.0,0.0,0.0,0.0,0.0,0.0,0.0,0.5,0.0,0.0,0.0,0.0
4,0.0,0.015625,0.0,0.09375,0.0625,0.0,0.03125,0.015625,0.0,0.046875,0.0,0.0,0.015625,0.28125,0.0,0.15625,0.0,0.0,0.0,0.0,0.0,0.0,0.0,0.03125,0.0,0.046875,0.0,0.0,0.015625,0.015625,0.0,0.0,0.0,0.0,0.0,0.0,0.0,0.0,0.0,0.0,0.0,0.0,0.0,0.0,0.140625,0.0,0.0,0.0,0.015625,0.0,0.015625,0.0
41F,0.0,0.0,0.0,0.0,0.0,0.0,0.0,0.0,0.0,0.0,1.0,0.0,0.0,0.0,0.0,0.0,0.0,0.0,0.0,0.0,0.0,0.0,0.0,0.0,0.0,0.0,0.0,0.0,0.0,0.0,0.0,0.0,0.0,0.0,0.0,0.0,0.0,0.0,0.0,0.0,0.0,0.0,0.0,0.0,0.0,0.0,0.0,0.0,0.0,0.0,0.0,0.0
45,0.0,0.0,0.0,0.0,0.0,0.0,0.0,0.0,0.0,0.0,0.0,0.0,0.36363636363636365,0.0,0.0,0.0,0.0,0.0,0.0,0.0,0.0,0.0,0.0,0.0,0.0,0.0,0.0,0.0,0.0,0.0,0.0,0.0,0.0,0.0,0.0,0.0,0.0,0.0,0.09090909090909091,0.0,0.0,0.0,0.0,0.0,0.45454545454545453,0.0,0.0,0.0,0.0,0.0,0.09090909090909091,0.0
48,0.0,0.0,0.0,0.0,0.16666666666666666,0.08333333333333333,0.16666666666666666,0.0,0.0,0.16666666666666666,0.0,0.0,0.0,0.0,0.0,0.0,0.0,0.0,0.0,0.0,0.25,0.0,0.0,0.0,0.0,0.0,0.0,0.0,0.0,0.0,0.0,0.0,0.0,0.0,0.0,0.0,0.0,0.0,0.0,0.0,0.0,0.0,0.0,0.0,0.0,0.0,0.0,0.0,0.0,0.0,0.16666666666666666,0.0
5,0.0,0.0,0.0,0.0,0.06976744186046512,0.0,0.0,0.23255813953488372,0.0,0.0,0.0,0.023255813953488372,0.0,0.023255813953488372,0.0,0.0,0.0,0.0,0.0,0.0,0.0,0.0,0.0,0.0,0.0,0.0,0.0,0.0,0.0,0.0,0.0,0.0,0.3488372093023256,0.0,0.2558139534883721,0.0,0.0,0.0,0.0,0.0,0.0,0.0,0.0,0.0,0.0,0.0,0.023255813953488372,0.0,0.0,0.023255813953488372,0.0,0.0
6,0.0,0.0037735849056603774,0.0,0.0,0.0037735849056603774,0.0037735849056603774,0.007547169811320755,0.026415094339622643,0.0037735849056603774,0.007547169811320755,0.0,0.0,0.011320754716981131,0.0037735849056603774,0.0037735849056603774,0.09811320754716982,0.0,0.0037735849056603774,0.007547169811320755,0.0037735849056603774,0.007547169811320755,0.0,0.0,0.0037735849056603774,0.0,0.0,0.0037735849056603774,0.0,0.0,0.0037735849056603774,0.0,0.0,0.0,0.0,0.045283018867924525,0.0037735849056603774,0.0,0.0,0.0,0.04150943396226415,0.0,0.0,0.0,0.0,0.6226415094339622,0.07169811320754717,0.0,0.0037735849056603774,0.0037735849056603774,0.0,0.0,0.0
6E,0.0,0.0,0.0,0.0,0.0,0.0,0.0,0.0,0.0,0.0,0.0,0.0,0.0,0.0,0.0,0.05555555555555555,0.0,0.0,0.0,0.0,0.0,0.0,0.0,0.0,0.0,0.0,0.0,0.0,0.0,0.0,0.0,0.0,0.0,0.0,0.0,0.0,0.0,0.0,0.0,0.0,0.0,0.0,0.0,0.0,0.9444444444444444,0.0,0.0,0.0,0.0,0.0,0.0,0.0
7A_7F,0.0,0.04411764705882353,0.0,0.0,0.0,0.0,0.014705882352941176,0.0,0.0,0.0,0.0,0.08823529411764706,0.0,0.0,0.0,0.0,0.0,0.0,0.0,0.0,0.0,0.0,0.0,0.0,0.0,0.0,0.0,0.0,0.0,0.0,0.0,0.0,0.014705882352941176,0.0,0.014705882352941176,0.0,0.0,0.0,0.0,0.0,0.0,0.0,0.08823529411764706,0.04411764705882353,0.04411764705882353,0.014705882352941176,0.0,0.0,0.6029411764705882,0.014705882352941176,0.014705882352941176,0.0
7B_7C_40,0.0,0.0,0.0,0.0,0.0,0.017241379310344827,0.0,0.017241379310344827,0.05172413793103448,0.017241379310344827,0.0,0.0,0.0,0.05172413793103448,0.0,0.10344827586206896,0.0,0.0,0.0,0.0,0.034482758620689655,0.0,0.0,0.0,0.0,0.0,0.0,0.0,0.0,0.0,0.0,0.0,0.0,0.0,0.0,0.0,0.034482758620689655,0.0,0.0,0.0,0.0,0.0,0.0,0.017241379310344827,0.05172413793103448,0.0,0.0,0.3793103448275862,0.0,0.017241379310344827,0.20689655172413793,0.0
8,0.0,0.014705882352941176,0.0,0.07352941176470588,0.0,0.04411764705882353,0.0,0.04411764705882353,0.0,0.0,0.0,0.0,0.058823529411764705,0.029411764705882353,0.0,0.0,0.0,0.0,0.0,0.0,0.0,0.0,0.0,0.0,0.0,0.0,0.0,0.0,0.014705882352941176,0.0,0.0,0.0,0.0,0.36764705882352944,0.0,0.0,0.014705882352941176,0.0,0.0,0.0,0.0,0.0,0.0,0.0,0.3382352941176471,0.0,0.0,0.0,0.0,0.0,0.0,0.0
9,0.0,0.0070921985815602835,0.0,0.1773049645390071,0.0070921985815602835,0.0,0.11347517730496454,0.03546099290780142,0.0,0.0,0.0,0.0070921985815602835,0.0,0.10638297872340426,0.0,0.0425531914893617,0.0,0.0,0.0,0.0,0.014184397163120567,0.0,0.0,0.014184397163120567,0.0,0.0,0.0,0.0,0.0,0.02127659574468085,0.0,0.0,0.0,0.0,0.014184397163120567,0.12056737588652482,0.0,0.0,0.0,0.0070921985815602835,0.0,0.0,0.0,0.0,0.0070921985815602835,0.0,0.0,0.0,0.0,0.3049645390070922,0.0,0.0
Serogroup 24,0.0,0.014285714285714285,0.0,0.014285714285714285,0.0,0.014285714285714285,0.014285714285714285,0.014285714285714285,0.04285714285714286,0.0,0.0,0.014285714285714285,0.0,0.014285714285714285,0.0,0.1,0.0,0.0,0.0,0.0,0.1,0.0,0.014285714285714285,0.0,0.0,0.0,0.0,0.0,0.014285714285714285,0.0,0.0,0.0,0.0,0.0,0.0,0.0,0.0,0.014285714285714285,0.0,0.0,0.0,0.0,0.0,0.0,0.02857142857142857,0.0,0.0,0.014285714285714285,0.0,0.0,0.5714285714285714,0.0
Serogroup 33,0.0,0.0,0.0,0.0,0.0,0.0,0.0,0.0,0.0,0.0,0.0,0.0,0.0,0.0,0.0,0.0,0.0,0.0,0.0,0.0,0.0,0.0,0.0,0.0,0.0,0.0,0.0,0.0,0.9473684210526315,0.0,0.0,0.05263157894736842,0.0,0.0,0.0,0.0,0.0,0.0,0.0,0.0,0.0,0.0,0.0,0.0,0.0,0.0,0.0,0.0,0.0,0.0,0.0,0.0
