nn_serotype,auc,threshold,sensitivity,specificity
6C,0.9269611680111332,0.014819770999999999,0.9375,0.8673317766928466
12B,0.8226447924434516,6.246268750000001e-4,0.8888888888888888,0.8791946308724832
45,0.9618340842830652,0.12106532,1,0.8664192949907236
14,0.8754026993912116,0.0095679165,0.8260869565217391,0.9299059714250825
23F,0.8831408119821145,0.00163799525,0.8765432098765432,0.8689031371651019
12F,0.9456456628565008,3.8447975999999996e-4,0.9298245614035088,0.9597822141560799
6A,0.8778918485457377,8.8110566e-4,0.875,0.8181818181818182
15B/C,0.6975039103232608,0.0622091,0.6071428571428571,0.7572992700729927
19F,0.9362655879743627,0.00539723035,0.9333333333333333,0.9143068274788209
3,0.9986846659743859,0.05553937,1,0.9928464289835006
35B/35D,0.9933155080213903,0.113934875,1,0.9411764705882353
16F,0.9716721387016755,0.045907527000000004,0.9777777777777777,0.9281363400725765
9V,0.8000668186463776,0.011484474,0.65,0.9410423708827922
35B,0.8351670968035037,8.7201595e-5,0.7941176470588235,0.8144586588821155
35C,0.9016512870325416,0.090972423,0.9655172413793104,0.8274647887323944
7C,0.8041271176258746,1.5437602999999998e-5,0.7857142857142857,0.8062797869358004
6B,0.7688250110604986,0.012810736999999999,0.5982905982905983,0.9185399051350794
48,0.9794117647058823,0.2058613,1,0.9534313725490197
15B,0.8952974124414674,0.005769372,0.9310344827586207,0.8466603951081844
10B,0.9823420074349445,0.12089788800000001,1,0.9693308550185874
29,0.9424664602683203,0.17349121,0.9166666666666666,0.8730650154798761
4,0.9392203042309731,0.0056809485,0.9545454545454546,0.8512648582749162
28F,0.8930298719772445,0.026422649,0.8947368421052632,0.8864864864864865
17F,0.9918477683033181,0.11013194800000001,1,0.9743312352478364
24,0.6899340564820631,1.03324655e-4,0.7058823529411765,0.652315190901706
33B,0.8763913298183982,0.099708765,1,0.7803163444639719
35A,0.9504662004661998,0.0701592875,1,0.9424242424242424
10A,0.9518158696359579,0.003989011000000001,0.9607843137254902,0.9246354952237306
19B,0.9652321247034902,0.140915125,1,0.9303964757709251
19A,0.8095233331709984,0.0116217735,0.6666666666666666,0.9049154146456879
22F,0.8710870774160481,0.0016783178000000002,0.8235294117647058,0.9465218004797517
23B,0.9334970530452052,0.009925871999999999,0.90625,0.9418467583497053
11C,0.5104752171691364,0.23189798,0.21052631578947367,0.9320388349514563
35F,0.9854354714167801,0.08093807,1,0.9730010384215991
15C,0.802165105089909,0.0025410652000000004,0.7727272727272727,0.8796657381615599
7F,0.997021508340449,0.16785622,1,0.9944060833843196
21,0.781894516459494,0.055280358,0.7142857142857143,0.9527595884003742
34,0.9816051505578576,0.1055846225,0.9607843137254902,0.9584183095399955
11E,0.7948778195488704,0.0027522146,0.7368421052631579,0.8169642857142857
11A,0.8055234145675965,0.035270243,0.65,0.9101986483719026
11,0.6095918367346953,0.004078269,0.4,0.8530612244897959
11D,0.532828282828283,0.10348146999999999,0.5,0.898989898989899
11B,0.8068759780907653,0.021831393,0.7222222222222222,0.8415492957746479
15A,0.8666283411366886,3.9339065499999996e-4,0.88,0.8221418834824868
9N,0.9857396622962558,0.00347721575,1,0.9575039854247324
15F,0.8450520833333331,0.10357052,0.6666666666666666,1
46,0.6927369668246474,4.1335821499999996e-4,0.625,0.8037914691943128
8,0.9955129772274721,0.005557716,1,0.9847842453540436
18C,0.8736010742863148,4.963875e-4,0.9333333333333333,0.7761026663344132
31,0.978206624180948,0.024844348000000002,1,0.9136522753792299
33D,0.9638285144566298,0.00269523265,1,0.9525423728813559
24F,0.9580465822536757,0.043688298,0.9473684210526315,0.9841786877617497
5,0.9977822908401817,0.098408608,1,0.9931915843518053
1,0.9941647820867077,0.030614167,1,0.9855934332858698
20,0.6962577962577963,1.0758638500000001e-5,0.9230769230769231,0.5027027027027027
13,0.9802794857462173,0.051581263,1,0.9319452207937395
23A,0.9069495068328802,9.18954615e-4,0.9354838709677419,0.8342559426896776
22A,0.9892211404728792,0.11318328999999999,1,0.9791376912378303
33F,0.9351141235640268,0.0027987659,0.9565217391304348,0.8776864728192162
6E,0.6647700331910896,6.76423315e-4,0.47619047619047616,0.9231863442389758
6D,0.8990564433866016,0.06604895,0.8235294117647058,0.9277456647398844
10X,0.6823529411764705,0.21431255500000002,0.9411764705882353,0.6909090909090909
20B,0.9296159086020428,0.0020491182999999996,0.9069767441860465,0.8805755395683453
18A,0.9490801576872554,0.13279891,1,0.9086727989487516
18B,0.8861566484517303,0.0202435555,0.8484848484848485,0.8579234972677595
20A,0.7196291560102366,5.9366226e-5,0.7916666666666666,0.6304347826086957
18F,0.926666666666667,0.2770659,1,0.83
2,0.980288983546312,0.177431615,1,0.9619978284473398
28A,0.718793137448245,0.0032998323500000003,1,0.4631236442516269
24A,0.9338296112489659,0.110634625,1,0.8858560794044665
33G,0.9285714285714286,0.165533575,1,0.9285714285714286
39,0.9917417417417418,0.24424636500000002,1,0.984984984984985
7B,0.9225165562913898,0.029119610499999997,1,0.8896247240618101
20C,0.9204545454545454,1.488626e-4,1,0.9090909090909091
12A,0.08333333333333333,0.06677317499999999,1,0.08333333333333333
33,0.8475482023000306,2.40802765e-5,0.8260869565217391,0.8131760078662733
27,0.9546944283786373,0.092393785,1,0.921727395411606
36,0,-Inf,1,0
36,0,Inf,0,1
38,0.7105855508618649,0.00177779795,0.6190476190476191,0.8653140513706022
10F,0.9860103626943001,0.11699211500000001,0.9444444444444444,0.9533678756476683
33C,0,-Inf,1,0
33C,0,Inf,0,1
33A/33F,1,3.1659007e-4,1,1
37,0.8647234678624816,0.00180345775,1,0.85949177877429
42,0,-Inf,1,0
42,0,Inf,0,1
35D,0.7474891577265437,0.00871795425,0.6153846153846154,0.8635014836795252
9L,0.7234948096885742,9.6166135e-4,1,0.5329411764705883
25F,0.9043391650788157,0.0012615025,1,0.6792828685258964
25A,0.6479910714285713,5.206465729e-5,0.4375,0.85
40,0.9157303370786519,0.014865815813934998,1,0.898876404494382
9A,1,0.061265052715000004,1,1
