Serotype,TP,FP,FN,TN,Total,sensitivity,specificity,precision,accuracy,f1
1,21,518,52,51279,73,0.2876712328767123,0.9899994208158773,0.03896103896103896,0.989010989010989,0.06862745098039215
10A,35,528,23,52223,58,0.603448275862069,0.9899907110765672,0.06216696269982238,0.9895661724327293,0.11272141706924316
10B,10,540,21,53409,31,0.3225806451612903,0.9899905466273703,0.01818181818181818,0.9896072619488699,0.03442340791738382
10F,15,541,4,53500,19,0.7894736842105263,0.9899890823633908,0.02697841726618705,0.9899186089530152,0.05217391304347826
11,0,541,10,53539,10,0,0.989996301775148,0,0.9898132741726752,0
11A,2,533,39,52690,41,0.04878048780487805,0.9899855325705053,0.003738317757009346,0.9892610393511565,0.006944444444444444
11B,1,541,14,53512,15,0.06666666666666667,0.9899913048304442,0.0018450184501845018,0.9897351483317304,0.0035906642728904844
11C,0,541,6,53550,6,0,0.9899983361372502,0,0.9898885335600865,0
11D,0,541,2,53555,2,0,0.9899992605737947,0,0.9899626603571297,0
11E,0,541,15,53507,15,0,0.9899903789224394,0,0.9897157020513105,0
12A,0,541,5,53553,5,0,0.9899988908196843,0,0.989907392003549,0
12B,1,541,12,53536,13,0.07692307692307693,0.9899957468054811,0.0018450184501845018,0.9897762987613237,0.0036036036036036032
12F,21,513,46,50743,67,0.31343283582089554,0.9899914156391447,0.03932584269662921,0.989108197104612,0.06988352745424292
13,32,536,9,53008,41,0.7804878048780488,0.9899895413118183,0.056338028169014086,0.9898292432583745,0.10509031198686371
14,32,508,43,50201,75,0.4266666666666667,0.9899820544676488,0.05925925925925926,0.9891501260239446,0.1040650406504065
15A,13,529,33,52274,46,0.2826086956521739,0.9899816298316384,0.023985239852398525,0.9893659293458722,0.04421768707482993
15B,2,538,30,53250,32,0.0625,0.9899977690191121,0.003703703703703704,0.9894463024897807,0.006993006993006993
15C,0,540,23,53386,23,0,0.989986277491377,0,0.9895642180577954,0
15F,0,541,9,53539,9,0,0.989996301775148,0,0.9898315738874818,0
16F,23,529,24,52393,47,0.48936170212765956,0.9900041570613356,0.041666666666666664,0.9895599312805603,0.07679465776293823
17A,4,541,0,53554,4,1,0.9899990757001571,0.007339449541284404,0.9899998151536997,0.014571948998178506
17F,18,535,32,52885,50,0.36,0.9899850243354549,0.0325497287522604,0.9893959229474472,0.05970149253731343
18A,9,540,10,53458,19,0.47368421052631576,0.9899996296159117,0.01639344262295082,0.9898180202528833,0.03169014084507042
18B,0,541,13,53532,13,0,0.9899950067501341,0,0.9897570535813335,0
18C,11,536,32,52968,43,0.2558139534883721,0.989982057416268,0.02010968921389397,0.9893924963116515,0.03728813559322035
18F,4,540,4,53531,8,0.5,0.990013130883468,0.007352941176470588,0.9899406423935354,0.014492753623188406
19A,34,511,51,50494,85,0.4,0.9899813743750613,0.062385321100917435,0.9889998042669799,0.10793650793650794
19B,15,541,6,53464,21,0.7142857142857143,0.9899824090362004,0.02697841726618705,0.989875245252286,0.051993067590987874
19F,28,515,52,50929,80,0.35,0.989989114376798,0.05156537753222836,0.9889954196102787,0.08988764044943821
2,7,541,4,53467,11,0.6363636363636364,0.9899829654865946,0.012773722627737226,0.9899109572557804,0.02504472271914132
20,2,540,9,53523,11,0.18181818181818182,0.9900116530714167,0.0036900369003690036,0.9898472463660909,0.007233273056057866
20A,3,540,25,53405,28,0.10714285714285714,0.9899898044304384,0.0055248618784530384,0.9895318029385063,0.010507880910683012
20B,3,537,29,53225,32,0.09375,0.9900115323090659,0.005555555555555556,0.9894783804885303,0.01048951048951049
21,9,537,29,53133,38,0.23684210526315788,0.9899944102850755,0.016483516483516484,0.9894615327325538,0.030821917808219176
22A,1,541,11,53496,12,0.08333333333333333,0.989988341321687,0.0018450184501845018,0.9897870450887158,0.003610108303249097
22F,43,518,23,51222,66,0.6515151515151515,0.9899884035562427,0.0766488413547237,0.9895571941473961,0.13716108452950557
23A,5,535,39,52959,44,0.11363636363636363,0.9899988783788836,0.009259259259259259,0.9892786432066943,0.017123287671232876
23B,18,532,34,52658,52,0.34615384615384615,0.9899981199473585,0.03272727272727273,0.9893692949175463,0.05980066445182725
23F,15,526,33,52058,48,0.3125,0.9899969572493534,0.027726432532347505,0.9893790849673203,0.050933786078098474
24A,3,541,10,53524,13,0.23076923076923078,0.9899935263109221,0.0055147058823529415,0.9898110137209216,0.010771992818671455
24F,3,535,21,52955,24,0.125,0.9899981304916807,0.0055762081784386614,0.9896101954628695,0.010676156583629894
25A,0,541,4,53553,4,0,0.9899988908196843,0,0.9899256904136937,0
25F,1,540,17,53502,18,0.05555555555555555,0.9900077717330965,0.0018484288354898336,0.9896966333703293,0.0035778175313059034
27,19,541,0,53507,19,1,0.9899903789224394,0.033928571428571426,0.9899938964617974,0.06563039723661485
28A,2,541,13,53494,15,0.13333333333333333,0.9899879707596928,0.003683241252302026,0.9897502312673451,0.007168458781362008
28F,4,541,14,53492,18,0.2222222222222222,0.9899876001702663,0.007339449541284404,0.9897319198534718,0.014209591474245116
29,8,541,11,53493,19,0.42105263157894735,0.9899877854684088,0.014571948998178506,0.9897878008621168,0.028169014084507046
3,6,519,50,51408,56,0.10714285714285714,0.9900051996071408,0.011428571428571429,0.9890541138449108,0.020654044750430294
31,30,537,9,53214,39,0.7692307692307693,0.9900094881955684,0.05291005291005291,0.9898494143892916,0.099009900990099
33B,4,541,10,53508,14,0.2857142857142857,0.989990564117745,0.007339449541284404,0.9898081867450936,0.014311270125223614
33C,0,541,4,53556,4,0,0.9899994454405975,0,0.9899262490526978,0
33D,9,541,10,53480,19,0.47368421052631576,0.9899853760574592,0.016363636363636365,0.9898038490007401,0.03163444639718805
33F,15,532,23,52622,38,0.39473684210526316,0.9899913459005908,0.027422303473491772,0.9895661001654384,0.05128205128205128
34,23,535,18,52937,41,0.5609756097560976,0.989994763614602,0.04121863799283154,0.9896660624521144,0.07679465776293823
35A,4,541,8,53461,12,0.3333333333333333,0.9899818525239806,0.007339449541284404,0.9898359684526234,0.01436265709156194
35B,6,532,31,52629,37,0.16216216216216217,0.9899926637948873,0.011152416356877323,0.9894168953720065,0.020869565217391303
35C,1,541,9,53539,10,0.1,0.989996301775148,0.0018450184501845018,0.9898317618783509,0.003623188405797101
35D,0,541,15,53515,15,0,0.9899918602930294,0,0.9897172236503856,0
35F,19,538,10,53210,29,0.6551724137931034,0.9899903252214036,0.03411131059245961,0.989809769976012,0.06484641638225257
36,5,541,0,53553,5,1,0.9899988908196843,0.009157509157509158,0.9899998151536997,0.018148820326678767
37,0,541,15,53514,15,0,0.989991675145685,0,0.9897170334751249,0
38,6,536,45,52982,51,0.11764705882352941,0.9899846780522441,0.01107011070110701,0.9891541749892662,0.02023608768971332
39,5,541,1,53523,6,0.8333333333333334,0.9899933412252145,0.009157509157509158,0.9899759570926576,0.018115942028985508
4,27,530,37,52467,64,0.421875,0.9899994339302225,0.04847396768402154,0.9893141855600158,0.08695652173913043
40,1,540,5,53538,6,0.16666666666666666,0.9900144236103406,0.0018484288354898336,0.9899230826122328,0.003656307129798903
45,7,541,4,53532,11,0.6363636363636364,0.9899950067501341,0.012773722627737226,0.9899230826122328,0.02504472271914132
46,5,541,16,53476,21,0.23809523809523808,0.9899846344669271,0.009157509157509158,0.9896924386542804,0.01763668430335097
48,9,541,3,53534,12,0.75,0.9899953767914933,0.016363636363636365,0.9899421302715995,0.03202846975088968
5,30,529,13,52351,43,0.6976744186046512,0.9899962178517397,0.05366726296958855,0.9897587060446309,0.09966777408637874
6A,11,524,66,51864,77,0.14285714285714285,0.989997709399099,0.020560747663551402,0.9887544077003717,0.03594771241830065
6B,13,522,79,51646,92,0.14130434782608695,0.9899938659714768,0.024299065420560748,0.9884998086490624,0.04146730462519936
6C,9,535,69,52880,78,0.11538461538461539,0.9899840868669849,0.016544117647058824,0.988708803020956,0.028938906752411578
6D,0,541,18,53519,18,0,0.9899926008139105,0,0.9896630792558896,0
6E,0,541,18,53497,18,0,0.9899885265923979,0,0.9896588722805979,0
7B,0,541,13,53491,13,0,0.989987414865265,0,0.9897492830049033,0
7C,5,535,34,52902,39,0.1282051282051282,0.9899882104160039,0.009259259259259259,0.9893597127683447,0.017271157167530225
7F,24,534,44,52769,68,0.35294117647058826,0.9899818021499728,0.043010752688172046,0.9891701485825636,0.07667731629392971
8,21,487,47,48186,68,0.3088235294117647,0.9899944527766934,0.04133858267716536,0.989044131224226,0.07291666666666667
9L,2,540,20,53438,22,0.09090909090909091,0.9899959242654415,0.0036900369003690036,0.9896296296296296,0.0070921985815602835
9N,28,525,33,51908,61,0.45901639344262296,0.9899872217878054,0.05063291139240506,0.989370213738713,0.09120521172638436
9V,8,533,48,52684,56,0.14285714285714285,0.989984403480091,0.014787430683918669,0.9890939124885026,0.026800670016750423
