01	01	01	1	ref
02	02	02	1	ref
03	03	03	1	ref
04	04	04	1	ref
05	05	05	1	ref
06A	06A	06A	1	ref
06AI	06A	06AI	1	ref
06AII	06A	06AII	1	ref
06AIII	06A	06AIII	1	ref
06AIV	06A	06AIV	1	ref
06AV	06A	06AV	1	ref
06AVI	06A	06AVI	1	ref
06B	06A	06B	1	ref
06BI	06A	06BI	1	ref
06BII	06A	06BII	1	ref
06C	06A	06C	1	ref
06D	06A	06D	1	ref
06E	06A	06E	1	ref
06F	06A	06F	1	ref
06G	06A	06G	1	ref
07A	07A	07A	1	ref
07B	07B	07B	1	ref
07C	07B	07C	1	ref
07F	07A	07F	1	ref
08	08	08	1	ref
09A	09A	09A	1	ref
09L	09A	09L	1	ref
09N	09A	09N	1	ref
09V	09A	09V	1	ref
10A	10A	10A	1	ref
10B	10A	10B	1	ref
10C	10C	10C	1	ref
10D	10D	10D	1	ref
10F	10C	10F	1	ref
11A	11A	11A	1	ref
11B	11A	11B	1	ref
11C	11A	11C	1	ref
11D	11A	11D	1	ref
11F	11A	11F	1	ref
11F_like	11A	11F_like	1	ref
11E	11A	11E	1	ref
12A	12A	12A	1	ref
12B	12A	12B	1	ref
12F	12A	12F	1	ref
13	13	13	1	ref
14	14	14	1	ref
15A	15A	15A	1	ref
15B	15A	15B	1	ref
15C	15A	15C	1	ref
15F	15A	15F	1	ref
15D	15A	15D	1	ref
16A	16A	16A	1	ref
16F	16F	16F	1	ref
17A	17A	17A	1	ref
17F	17F	17F	1	ref
18A	18A	18A	1	ref
18B	18A	18B	1	ref
18C	18A	18C	1	ref
18F	18A	18F	1	ref
19A	19A	19A	1	ref
19AF	19A	19AF	1	ref
19AI	19A	19AI	1	ref
19AII	19A	19AII	1	ref
19AIII	19A	19AIII	1	ref
19B	19B	19B	1	ref
19C	19B	19C	1	ref
19F	19F	19F	1	ref
19FI	19F	19FI	1	ref
19FII	19F	19FII	1	ref
19FIII	19F	19FIII	1	ref
19FIV	19F	19FIV	1	ref
20A	20A	20A	1	ref
20B	20A	20B	1	ref
20C	20A	20C	1	ref
21	21	21	1	ref
22A	22A	22A	1	ref
22F	22A	22F	1	ref
23A	23A	23A	1	ref
23B	23A	23B	1	ref
23B1	23B1	23B1	1	ref
23F	23A	23F	1	ref
24A	24A	24A	1	ref
24B	24A	24B	1	ref
24C	24A	24C	1	ref
24F	24A	24F	1	ref
24F2	24F2	24F2	1	ref
25A	25A	25A	1	ref
25F	25A	25F	1	ref
27	27	27	1	ref
28A	28A	28A	1	ref
28F	28A	28F	1	ref
29	29	29	1	ref
31	31	31	1	ref
32A	32A	32A	1	ref
32F	32F	32F	1	ref
33A	33A	33A	1	ref
33B	33B	33B	1	ref
33C	33C	33C	1	ref
33D	33B	33D	1	ref
33F	33A	33F	1	ref
33E	33A	33E	1	ref
33G	33G	33G	1	ref
33H	33G	33H	1	ref
34	34	34	1	ref
35A	35A	35A	1	ref
35B	35B	35B	1	ref
35D	35B	35D	1	ref
35C	35A	35C	1	ref
35F	35F	35F	1	ref
36A	36A	36A	1	ref
36B	36A	36B	1	ref
37	33A	37	1	ref
38	25A	38	1	ref
39	39	39	1	ref
40	07B	40	1	ref
41A	41A	41A	1	ref
41F	41A	41F	1	ref
42	35A	42	1	ref
43	43	43	1	ref
44	12A	44	1	ref
45	45	45	1	ref
46	12A	46	1	ref
47A	47A	47A	1	ref
47F	47F	47F	1	ref
48	48	48	1	ref